-- Cafe 데이터
INSERT INTO cafe (cafe_id, name, latitude, longitude) VALUES
(1, '언더그라운드커피웍스', '37.6100862904966', '126.995125457406'),
(2, '카페그리다', '37.60932585128242', '127.00497528986767'),
(3, '플레이스엔', '37.61049717085312', '126.99589444374668'),
(4, '카페테인', '37.6081906479131', '127.003809838548');
-- (5, '카페나무', '37.6102878430906', '126.998520644814');

-- 감성 문서 데이터
INSERT INTO document (document_id, content) VALUES
(1, '지금 날씨가 더워, 시원한 아메리카노 먹고 싶다. 해변가에서 친구들이랑 여유를 즐기면서 놀고 있어. 더운 날씨에 차가운 음료수를 먹고 상쾌해지고 싶어. 카페인이 들어있어서 집중력을 높이고 싶어.'),
(2, '추운 겨울이야, 따뜻한 아메리카노가 필요해. 카페에서 책을 읽으면서 시간을 보내고 있어. 차가운 날씨에 따뜻한 음료수를 마시고 싶어. 카페인이 들어있어서 정신이 맑아지길 바라.'),
(3, '더운 여름 오후야, 아이스 카페라떼가 마시고 싶어. 공원 벤치에 앉아서 책을 읽고 있어. 더운 날씨에 차가운 음료수를 마시고 싶어져. 부드럽고 달콤한 맛이 있어서 좋아. 카페인이 있어서 집중력을 높일 수 있어.'),
(4, '추운 겨울 아침이야, 따뜻한 카페라떼가 생각나. 출근 준비하면서 마음이 따뜻해지고 싶어. 차가운 바람에 따뜻한 음료수를 마시고 싶어져. 부드러운 맛이 하루를 시작하게 도와줘.'),
(5, '더운 날씨에, 아이스 카푸치노가 필요해. 친구랑 수다를 즐기면서 시간을 보내고 있어. 덥고 지친 몸을 시원한 음료로 달래고 싶어. 카페인이 들어 있어서 활기를 되찾고 싶어.'),
(6, '추운 겨울밤이야, 따뜻한 카푸치노가 그리워. 집에서 영화 보면서 몸을 녹이고 있어. 차가운 날씨에 따뜻한 음료수가 생각나. 부드러운 카푸치노가 마음까지 따뜻하게 해줘.'),
(7, '더운 여름날이야, 아이스 바닐라라떼가 마시고 싶어. 캠핑장에서 여유를 즐기면서 쉬고 있어. 시원한 음료수를 마시고 싶어져. 달콤한 맛이 스트레스를 풀어줘.'),
(8, '추운 아침이야, 따뜻한 바닐라라떼가 필요해. 출근 준비하면서 마음이 따뜻해지고 싶어. 차가운 날씨에 따뜻한 음료수를 마시고 싶어져. 부드럽고 달콤한 바닐라 향이 하루를 상쾌하게 시작하게 해줘.'),
(9, '더운 날씨에, 아이스 카라멜마끼아또가 생각나. 해변에서 여유를 즐기면서 상쾌해지고 싶어. 시원한 음료수를 마시고 싶어져. 달콤한 맛과 카페인이 들어 있어서 활력을 되찾고 싶어.'),
(10, '추운 겨울날이야, 따뜻한 카라멜마끼아또가 필요해. 카페에서 친구랑 만남을 즐기고 있어. 차가운 날씨에 따뜻한 음료수를 마시고 싶어져. 달콤한 맛이 기분을 좋게 만들어줘.'),
(11, '더운 여름날이야, 아이스 카페크림모카가 마시고 싶어. 바닷가에서 여유를 즐기면서 상쾌해지고 싶어. 시원한 음료수를 마시고 싶어져. 달콤한 맛과 카페인이 들어 있어서 활력을 되찾고 싶어.'),
(12, '추운 겨울 저녁이야, 따뜻한 카페크림모카가 필요해. 집에서 책을 읽으면서 시간을 보내고 있어. 차가운 날씨에 따뜻한 음료수가 생각나. 달콤한 맛이 마음까지 따뜻하게 해줘.'),
(13, '더운 여름날이야, 아이스 레몬차가 마시고 싶어. 공원에서 피크닉을 즐기면서 상쾌해지고 싶어. 시원한 음료수를 마시고 싶어져. 카페인이 없어서 밤에도 부담 없이 즐길 수 있어.'),
(14, '추운 겨울날이야, 따뜻한 레몬차가 필요해. 집에서 휴식을 취하면서 시간을 보내고 있어. 차가운 날씨에 따뜻한 음료수가 생각나. 상쾌한 레몬 향이 몸을 녹여줘.'),
(15, '더운 여름 오후야, 아이스 자몽차가 마시고 싶어. 친구랑 만남을 즐기면서 상쾌해지고 싶어. 시원한 음료수를 마시고 싶어져. 카페인이 없어서 편하게 마실 수 있어.'),
(16, '추운 겨울 저녁이야, 따뜻한 자몽차가 필요해. 집에서 영화를 보면서 몸을 녹이고 있어. 차가운 날씨에 따뜻한 음료수가 생각나. 상쾌한 자몽 향이 몸을 녹여줘.'),
(17, '더운 날씨에, 레몬에이드가 필요해. 공원에서 산책하면서 상쾌해지고 싶어. 시원한 음료수를 마시고 싶어져. 카페인이 없어서 편하게 즐길 수 있어.'),
(18, '추운 겨울날이야, 자몽에이드가 필요해. 따뜻한 카페에서 공부하면서 시간을 보내고 있어. 차가운 날씨에 따뜻한 음료수가 생각나. 상쾌한 자몽 향이 기분을 좋게 만들어줘.'),
(19, '더운 여름날이야, 라임에이드가 마시고 싶어. 해변가에서 여유를 즐기면서 상쾌해지고 싶어. 시원한 음료수를 마시고 싶어져. 카페인이 없어서 편하게 즐길 수 있어.'),
(20, '더운 여름날이야, 아이스 캐모마일티가 필요해. 캠핑장에서 여유를 즐기면서 쉬고 있어. 시원한 음료수를 마시고 싶어져. 카페인이 없어서 밤에도 부담 없이 마실 수 있어.'),
(21, '추운 겨울날이야, 따뜻한 캐모마일티가 필요해. 집에서 편안하게 시간을 보내고 있어. 차가운 날씨에 따뜻한 음료수가 생각나. 카페인이 없어서 밤에도 부담 없이 마실 수 있어.'),
(22, '더운 여름날이야, 아이스 루이보스티가 마시고 싶어. 공원에서 산책하면서 상쾌해지고 싶어. 시원한 음료수를 마시고 싶어져. 카페인이 없어서 편하게 마실 수 있어.'),
(23, '추운 겨울날이야, 따뜻한 루이보스티가 필요해. 카페에서 여유를 즐기고 있어. 차가운 날씨에 따뜻한 음료수를 마시고 싶어. 카페인이 없어서 밤에도 부담 없이 마실 수 있어.'),
(24, '더운 여름날이야, 아이스 페퍼민트티가 마시고 싶어. 시원한 바람을 맞으며 산책하고 있어. 덥고 지친 몸을 시원한 음료로 달래고 싶어. 카페인이 없어서 부담 없이 즐길 수 있어.'),
(25, '추운 겨울밤이야, 따뜻한 페퍼민트티가 필요해. 집에서 책을 읽으며 시간을 보내고 있어. 차가운 날씨에 따뜻한 음료를 마시고 싶어. 상쾌한 향이 몸을 녹여줘.'),
(26, '더운 여름날이야, 아이스 레몬진저티가 마시고 싶어. 해변에서 여유를 즐기고 있어. 시원한 음료를 마시고 싶어. 상쾌한 향이 기분을 좋게 만들어줘. 카페인이 없어 편하게 마실 수 있어.'),
(27, '추운 겨울날이야, 따뜻한 레몬진저티가 필요해. 친구와 카페에서 대화를 나누고 있어. 차가운 날씨에 따뜻한 음료를 마시고 싶어. 상쾌한 향이 몸을 따뜻하게 해줘.'),
(28, '더운 여름날이야, 아이스 허브티가 마시고 싶어. 공원에서 산책하면서 상쾌해지고 싶어. 시원한 음료수를 마시고 싶어져. 카페인이 없어서 부담 없이 즐길 수 있어.'),
(29, '추운 겨울밤이야, 따뜻한 허브티가 필요해. 집에서 영화 보면서 시간을 보내고 있어. 차가운 날씨에 따뜻한 음료수를 마시고 싶어. 몸을 편안하게 해줘.'),
(30, '더운 여름날이야, 아이스 밀크티가 마시고 싶어. 해변에서 여유를 즐기고 있어. 시원한 음료를 마시고 싶어. 달콤한 맛과 함께 기분이 좋아져. 카페인이 있어 활력을 느낄 수 있어.'),
(31, '추운 겨울날이야, 따뜻한 밀크티가 필요해. 친구와 카페에서 시간을 보내고 있어. 차가운 날씨에 따뜻한 음료를 마시고 싶어. 달콤한 맛과 함께 몸이 따뜻해져.'),
(32, '더운 여름날이야, 아이스 초코라떼가 마시고 싶어. 공원에서 산책하면서 상쾌해지고 싶어. 시원한 음료를 마시고 싶어. 달콤한 초코맛이 기분을 좋게 해줘. 카페인이 있어 활력을 더해줘.'),
(33, '추운 겨울밤이야, 따뜻한 초코라떼가 필요해. 집에서 책을 읽으며 시간을 보내고 있어. 차가운 날씨에 따뜻한 음료를 마시고 싶어. 달콤한 초코맛이 몸을 따뜻하게 해줘.'),
(34, '더운 여름날이야, 아이스 녹차라떼가 마시고 싶어. 해변에서 여유를 즐기고 있어. 시원한 음료를 마시고 싶어. 상쾌한 녹차맛이 기분을 좋게 해줘. 카페인이 있어 활력을 느낄 수 있어.'),
(35, '추운 겨울날이야, 따뜻한 녹차라떼가 필요해. 친구와 카페에서 시간을 보내고 있어. 차가운 날씨에 따뜻한 음료를 마시고 싶어. 상쾌한 녹차맛이 몸을 따뜻하게 해줘.'),
(36, '더운 여름날이야, 딸기우유가 마시고 싶어. 공원에서 산책하면서 상쾌해지고 싶어. 시원한 음료를 마시고 싶어. 달콤한 딸기맛이 기분을 좋게 해줘. 카페인이 없어서 부담 없이 즐길 수 있어.'),
(37, '더운 여름날이야, 아이스 아메리카노가 필요해. 시원한 바람을 맞으며 산책하고 있어. 덥고 지친 몸을 시원한 음료로 달래고 싶어. 카페인이 있어서 활력을 더해줘.'),
(38, '추운 겨울날이야, 따뜻한 아메리카노가 필요해. 카페에서 책을 읽으면서 시간을 보내고 있어. 차가운 날씨에 따뜻한 음료를 마시고 싶어. 카페인이 있어서 정신이 맑아져.'),
(39, '더운 여름날이야, 에스프레소가 필요해. 더위를 식히고 싶어. 강한 카페인이 있어서 집중력을 높이고 싶어.'),
(40, '더운 여름날이야, 아이스 카페라떼가 필요해. 친구랑 수다를 즐기고 있어. 덥고 지친 몸을 시원한 음료로 달래고 싶어. 달콤한 맛이 기분을 좋게 해줘. 카페인이 있어서 활력을 더해줘.'),
(41, '추운 겨울날이야, 따뜻한 카페라떼가 필요해. 카페에서 여유를 즐기고 있어. 차가운 날씨에 따뜻한 음료를 마시고 싶어. 달콤한 맛이 몸을 따뜻하게 해줘.'),
(42, '더운 여름날이야, 아이스 카푸치노가 필요해. 시원한 바람을 맞으며 산책하고 있어. 덥고 지친 몸을 시원한 음료로 달래고 싶어. 카페인이 있어서 활력을 더해줘.'),
(43, '추운 겨울날이야, 따뜻한 카푸치노가 필요해. 집에서 친구와 대화를 나누고 있어. 차가운 날씨에 따뜻한 음료를 마시고 싶어. 부드러운 맛이 몸을 따뜻하게 해줘.'),
(44, '더운 여름날이야, 아이스 바닐라라떼가 필요해. 해변에서 여유를 즐기고 있어. 덥고 지친 몸을 시원한 음료로 달래고 싶어. 달콤한 맛이 기분을 좋게 해줘. 카페인이 있어서 활력을 더해줘.'),
(45, '추운 겨울날이야, 따뜻한 바닐라라떼가 필요해. 카페에서 책을 읽으면서 시간을 보내고 있어. 차가운 날씨에 따뜻한 음료를 마시고 싶어. 달콤한 맛이 몸을 따뜻하게 해줘.'),
(46, '더운 여름날이야, 아이스 헤이즐넛라떼가 필요해. 시원한 바람을 맞으며 산책하고 있어. 덥고 지친 몸을 시원한 음료로 달래고 싶어. 카페인이 있어서 활력을 더해줘.'),
(47, '추운 겨울날이야, 따뜻한 헤이즐넛라떼가 필요해. 집에서 책을 읽으며 시간을 보내고 있어. 차가운 날씨에 따뜻한 음료를 마시고 싶어. 부드러운 맛이 몸을 따뜻하게 해줘.'),
(48, '더운 여름날이야, 아이스 카페모카가 필요해. 해변에서 여유를 즐기고 있어. 덥고 지친 몸을 시원한 음료로 달래고 싶어. 달콤한 맛이 기분을 좋게 해줘. 카페인이 있어서 활력을 더해줘.'),
(49, '추운 겨울날이야, 따뜻한 카페모카가 필요해. 친구와 카페에서 대화를 나누고 있어. 차가운 날씨에 따뜻한 음료를 마시고 싶어. 부드러운 맛이 몸을 따뜻하게 해줘.'),
(50, '더운 여름날이야, 아이스 카라멜마끼아또가 필요해. 공원에서 산책하면서 상쾌해지고 있어. 덥고 지친 몸을 시원한 음료로 달래고 싶어. 달콤한 맛이 기분을 좋게 해줘. 카페인이 있어서 활력을 더해줘.'),
(51, '추운 겨울날이야, 따뜻한 카라멜마끼아또가 필요해. 집에서 친구와 대화를 나누고 있어. 차가운 날씨에 따뜻한 음료를 마시고 싶어. 부드러운 맛이 몸을 따뜻하게 해줘.'),
(52, '더운 여름날이야, 아이스 토피넛라떼가 필요해. 시원한 바람을 맞으며 산책하고 있어. 덥고 지친 몸을 시원한 음료로 달래고 싶어. 카페인이 있어서 활력을 더해줘.'),
(53, '추운 겨울날이야, 따뜻한 토피넛라떼가 필요해. 카페에서 여유를 즐기고 있어. 차가운 날씨에 따뜻한 음료를 마시고 싶어. 부드러운 맛이 몸을 따뜻하게 해줘.'),
(54, '더운 여름날이야, 아이스 그린모카라떼가 필요해. 해변에서 여유를 즐기고 있어. 덥고 지친 몸을 시원한 음료로 달래고 싶어. 달콤한 맛이 기분을 좋게 해줘. 카페인이 있어서 활력을 더해줘.'),
(55, '추운 겨울날이야, 따뜻한 그린모카라떼가 필요해. 친구와 카페에서 시간을 보내고 있어. 차가운 날씨에 따뜻한 음료를 마시고 싶어. 부드러운 맛이 몸을 따뜻하게 해줘.'),
(56, '더운 여름날이야, 아이스 코코슈가라떼가 필요해. 시원한 바람을 맞으며 산책하고 있어. 덥고 지친 몸을 시원한 음료로 달래고 싶어. 카페인이 있어서 활력을 더해줘.'),
(57, '추운 겨울날이야, 따뜻한 코코슈가라떼가 필요해. 집에서 영화를 보면서 시간을 보내고 있어. 차가운 날씨에 따뜻한 음료를 마시고 싶어. 달콤한 맛이 몸을 따뜻하게 해줘.'),
(58, '더운 여름날이야, 아이스 초코라떼가 필요해. 공원에서 산책하면서 상쾌해지고 있어. 덥고 지친 몸을 시원한 음료로 달래고 싶어. 달콤한 초코맛이 기분을 좋게 해줘. 카페인이 있어서 활력을 더해줘.'),
(59, '추운 겨울밤이야, 따뜻한 초코라떼가 필요해. 집에서 영화를 보면서 시간을 보내고 있어. 차가운 날씨에 따뜻한 음료를 마시고 싶어. 달콤한 초코맛이 몸을 따뜻하게 해줘.'),
(60, '더운 여름날이야, 아이스 홍차라떼가 필요해. 시원한 바람을 맞으며 산책하고 있어. 덥고 지친 몸을 시원한 음료로 달래고 싶어. 카페인이 있어서 활력을 더해줘.'),
(61, '추운 겨울날이야, 따뜻한 홍차라떼가 필요해. 친구와 카페에서 대화를 나누고 있어. 차가운 날씨에 따뜻한 음료를 마시고 싶어. 부드러운 맛이 몸을 따뜻하게 해줘.'),
(62, '더운 여름날이야, 아이스 그린티라떼가 필요해. 해변에서 여유를 즐기고 있어. 덥고 지친 몸을 시원한 음료로 달래고 싶어. 상쾌한 맛이 기분을 좋게 해줘. 카페인이 있어서 활력을 더해줘.'),
(63, '추운 겨울날이야, 따뜻한 그린티라떼가 필요해. 집에서 책을 읽으며 시간을 보내고 있어. 차가운 날씨에 따뜻한 음료를 마시고 싶어. 부드러운 맛이 몸을 따뜻하게 해줘.'),
(64, '더운 여름날이야, 아이스 오곡라떼가 필요해. 시원한 바람을 맞으며 산책하고 있어. 덥고 지친 몸을 시원한 음료로 달래고 싶어. 카페인이 있어서 활력을 더해줘.'),
(65, '추운 겨울날이야, 따뜻한 오곡라떼가 필요해. 친구와 카페에서 대화를 나누고 있어. 차가운 날씨에 따뜻한 음료를 마시고 싶어. 부드러운 맛이 몸을 따뜻하게 해줘.'),
(66, '더운 여름날이야, 아이스 캐모마일티가 필요해. 시원한 바람을 맞으며 산책하고 있어. 덥고 지친 몸을 시원한 음료로 달래고 싶어. 카페인이 없어서 부담 없이 즐길 수 있어.'),
(67, '추운 겨울날이야, 따뜻한 캐모마일티가 필요해. 집에서 책을 읽으며 시간을 보내고 있어. 차가운 날씨에 따뜻한 음료를 마시고 싶어. 상쾌한 향이 몸을 따뜻하게 해줘.'),
(68, '더운 여름날이야, 아이스 페퍼민트티가 필요해. 시원한 바람을 맞으며 산책하고 있어. 덥고 지친 몸을 시원한 음료로 달래고 싶어. 카페인이 없어서 부담 없이 즐길 수 있어.'),
(69, '추운 겨울날이야, 따뜻한 페퍼민트티가 필요해. 집에서 책을 읽으며 시간을 보내고 있어. 차가운 날씨에 따뜻한 음료를 마시고 싶어. 상쾌한 향이 몸을 따뜻하게 해줘.'),
(70, '더운 여름날이야, 아이스 머스캣티가 필요해. 시원한 바람을 맞으며 산책하고 있어. 덥고 지친 몸을 시원한 음료로 달래고 싶어. 카페인이 없어서 부담 없이 즐길 수 있어.'),
(71, '추운 겨울날이야, 따뜻한 머스캣티가 필요해. 집에서 책을 읽으며 시간을 보내고 있어. 차가운 날씨에 따뜻한 음료를 마시고 싶어. 상쾌한 향이 몸을 따뜻하게 해줘.'),
(72, '더운 여름날이야, 아이스 애플유자티가 필요해. 시원한 바람을 맞으며 산책하고 있어. 덥고 지친 몸을 시원한 음료로 달래고 싶어. 카페인이 없어서 부담 없이 즐길 수 있어.'),
(73, '추운 겨울날이야, 따뜻한 애플유자티가 필요해. 집에서 책을 읽으며 시간을 보내고 있어. 차가운 날씨에 따뜻한 음료를 마시고 싶어. 상쾌한 향이 몸을 따뜻하게 해줘.'),
(74, '더운 여름날이야, 아이스 오미자티가 필요해. 시원한 바람을 맞으며 산책하고 있어. 덥고 지친 몸을 시원한 음료로 달래고 싶어. 카페인이 없어서 부담 없이 즐길 수 있어.'),
(75, '추운 겨울날이야, 따뜻한 오미자티가 필요해. 집에서 책을 읽으며 시간을 보내고 있어. 차가운 날씨에 따뜻한 음료를 마시고 싶어. 상쾌한 향이 몸을 따뜻하게 해줘.'),
(76, '더운 여름날이야, 아이스 유자차가 필요해. 시원한 바람을 맞으며 산책하고 있어. 덥고 지친 몸을 시원한 음료로 달래고 싶어. 카페인이 없어서 부담 없이 즐길 수 있어.'),
(77, '추운 겨울날이야, 따뜻한 유자차가 필요해. 집에서 책을 읽으며 시간을 보내고 있어. 차가운 날씨에 따뜻한 음료를 마시고 싶어. 상쾌한 향이 몸을 따뜻하게 해줘.'),
(78, '더운 여름날이야, 아이스 매실차가 필요해. 시원한 바람을 맞으며 산책하고 있어. 덥고 지친 몸을 시원한 음료로 달래고 싶어. 카페인이 없어서 부담 없이 즐길 수 있어.'),
(79, '추운 겨울날이야, 따뜻한 매실차가 필요해. 집에서 책을 읽으며 시간을 보내고 있어. 차가운 날씨에 따뜻한 음료를 마시고 싶어. 상쾌한 향이 몸을 따뜻하게 해줘.'),
(80, '더운 여름날이야, 아이스 호박차가 필요해. 시원한 바람을 맞으며 산책하고 있어. 덥고 지친 몸을 시원한 음료로 달래고 싶어. 카페인이 없어서 부담 없이 즐길 수 있어.'),
(81, '추운 겨울날이야, 따뜻한 호박차가 필요해. 집에서 책을 읽으며 시간을 보내고 있어. 차가운 날씨에 따뜻한 음료를 마시고 싶어. 상쾌한 향이 몸을 따뜻하게 해줘.'),
(82, '더운 여름날이야, 아이스 도라지차가 필요해. 시원한 바람을 맞으며 산책하고 있어. 덥고 지친 몸을 시원한 음료로 달래고 싶어. 카페인이 없어서 부담 없이 즐길 수 있어.'),
(83, '추운 겨울날이야, 따뜻한 도라지차가 필요해. 집에서 책을 읽으며 시간을 보내고 있어. 차가운 날씨에 따뜻한 음료를 마시고 싶어. 상쾌한 향이 몸을 따뜻하게 해줘.'),
(84, '더운 여름날이야, 아이스 민들레차가 필요해. 시원한 바람을 맞으며 산책하고 있어. 덥고 지친 몸을 시원한 음료로 달래고 싶어. 카페인이 없어서 부담 없이 즐길 수 있어.'),
(85, '추운 겨울날이야, 따뜻한 민들레차가 필요해. 집에서 책을 읽으며 시간을 보내고 있어. 차가운 날씨에 따뜻한 음료를 마시고 싶어. 상쾌한 향이 몸을 따뜻하게 해줘.'),
(86, '더운 여름날이야, 아이스 우엉차가 필요해. 시원한 바람을 맞으며 산책하고 있어. 덥고 지친 몸을 시원한 음료로 달래고 싶어. 카페인이 없어서 부담 없이 즐길 수 있어.'),
(87, '추운 겨울날이야, 따뜻한 우엉차가 필요해. 집에서 책을 읽으며 시간을 보내고 있어. 차가운 날씨에 따뜻한 음료를 마시고 싶어. 상쾌한 향이 몸을 따뜻하게 해줘.'),
(88, '더운 여름날이야, 아이스 보리차가 필요해. 시원한 바람을 맞으며 산책하고 있어. 덥고 지친 몸을 시원한 음료로 달래고 싶어. 카페인이 없어서 부담 없이 즐길 수 있어.'),
(89, '추운 겨울날이야, 따뜻한 보리차가 필요해. 집에서 책을 읽으며 시간을 보내고 있어. 차가운 날씨에 따뜻한 음료를 마시고 싶어. 상쾌한 향이 몸을 따뜻하게 해줘.'),
(90, '더운 여름날이야, 아이스 결명자차가 필요해. 시원한 바람을 맞으며 산책하고 있어. 덥고 지친 몸을 시원한 음료로 달래고 싶어. 카페인이 없어서 부담 없이 즐길 수 있어.'),
(91, '추운 겨울날이야, 따뜻한 결명자차가 필요해. 집에서 책을 읽으며 시간을 보내고 있어. 차가운 날씨에 따뜻한 음료를 마시고 싶어. 상쾌한 향이 몸을 따뜻하게 해줘.'),
(92, '더운 여름날이야, 아이스 쌍화차가 필요해. 시원한 바람을 맞으며 산책하고 있어. 덥고 지친 몸을 시원한 음료로 달래고 싶어. 카페인이 없어서 부담 없이 즐길 수 있어.'),
(93, '추운 겨울날이야, 따뜻한 쌍화차가 필요해. 집에서 책을 읽으며 시간을 보내고 있어. 차가운 날씨에 따뜻한 음료를 마시고 싶어. 상쾌한 향이 몸을 따뜻하게 해줘.'),
(94, '더운 여름날이야, 아이스 한방차가 필요해. 시원한 바람을 맞으며 산책하고 있어. 덥고 지친 몸을 시원한 음료로 달래고 싶어. 카페인이 없어서 부담 없이 즐길 수 있어.'),
(95, '추운 겨울날이야, 따뜻한 한방차가 필요해. 집에서 책을 읽으며 시간을 보내고 있어. 차가운 날씨에 따뜻한 음료를 마시고 싶어. 상쾌한 향이 몸을 따뜻하게 해줘.'),
(96, '더운 여름날이야, 아이스 블루베리티가 필요해. 시원한 바람을 맞으며 산책하고 있어. 덥고 지친 몸을 시원한 음료로 달래고 싶어. 카페인이 없어서 부담 없이 즐길 수 있어.'),
(97, '추운 겨울날이야, 따뜻한 블루베리티가 필요해. 집에서 책을 읽으며 시간을 보내고 있어. 차가운 날씨에 따뜻한 음료를 마시고 싶어. 상쾌한 향이 몸을 따뜻하게 해줘.'),
(98, '더운 여름날이야, 아이스 아카시아티가 필요해. 시원한 바람을 맞으며 산책하고 있어. 덥고 지친 몸을 시원한 음료로 달래고 싶어. 카페인이 없어서 부담 없이 즐길 수 있어.'),
(99, '추운 겨울날이야, 따뜻한 아카시아티가 필요해. 집에서 책을 읽으며 시간을 보내고 있어. 차가운 날씨에 따뜻한 음료를 마시고 싶어. 상쾌한 향이 몸을 따뜻하게 해줘.'),
(100, '더운 여름날이야, 아이스 수국차가 필요해. 시원한 바람을 맞으며 산책하고 있어. 덥고 지친 몸을 시원한 음료로 달래고 싶어. 카페인이 없어서 부담 없이 즐길 수 있어.'),
(101, '추운 겨울날이야, 따뜻한 수국차가 필요해. 집에서 책을 읽으며 시간을 보내고 있어. 차가운 날씨에 따뜻한 음료를 마시고 싶어. 상쾌한 향이 몸을 따뜻하게 해줘.'),
(102, '더운 여름날이야, 아이스 칡차가 필요해. 시원한 바람을 맞으며 산책하고 있어. 덥고 지친 몸을 시원한 음료로 달래고 싶어. 카페인이 없어서 부담 없이 즐길 수 있어.'),
(103, '추운 겨울날이야, 따뜻한 칡차가 필요해. 집에서 책을 읽으며 시간을 보내고 있어. 차가운 날씨에 따뜻한 음료를 마시고 싶어. 상쾌한 향이 몸을 따뜻하게 해줘.'),
(104, '더운 여름날이야, 아이스 동충하초차가 필요해. 시원한 바람을 맞으며 산책하고 있어. 덥고 지친 몸을 시원한 음료로 달래고 싶어. 카페인이 없어서 부담 없이 즐길 수 있어.'),
(105, '추운 겨울날이야, 따뜻한 동충하초차가 필요해. 집에서 책을 읽으며 시간을 보내고 있어. 차가운 날씨에 따뜻한 음료를 마시고 싶어. 상쾌한 향이 몸을 따뜻하게 해줘.'),
(106, '더운 여름날이야, 아이스 백차가 필요해. 시원한 바람을 맞으며 산책하고 있어. 덥고 지친 몸을 시원한 음료로 달래고 싶어. 카페인이 없어서 부담 없이 즐길 수 있어.'),
(107, '추운 겨울날이야, 따뜻한 백차가 필요해. 집에서 책을 읽으며 시간을 보내고 있어. 차가운 날씨에 따뜻한 음료를 마시고 싶어. 상쾌한 향이 몸을 따뜻하게 해줘.'),
(108, '더운 여름날이야, 아이스 황차가 필요해. 시원한 바람을 맞으며 산책하고 있어. 덥고 지친 몸을 시원한 음료로 달래고 싶어. 카페인이 없어서 부담 없이 즐길 수 있어.'),
(109, '추운 겨울날이야, 따뜻한 황차가 필요해. 집에서 책을 읽으며 시간을 보내고 있어. 차가운 날씨에 따뜻한 음료를 마시고 싶어. 상쾌한 향이 몸을 따뜻하게 해줘.'),
(110, '더운 여름날이야, 아이스 보이차가 필요해. 시원한 바람을 맞으며 산책하고 있어. 덥고 지친 몸을 시원한 음료로 달래고 싶어. 카페인이 없어서 부담 없이 즐길 수 있어.'),
(111, '추운 겨울날이야, 따뜻한 보이차가 필요해. 집에서 책을 읽으며 시간을 보내고 있어. 차가운 날씨에 따뜻한 음료를 마시고 싶어. 상쾌한 향이 몸을 따뜻하게 해줘.'),
(112, '더운 여름날이야, 아이스 우롱차가 필요해. 시원한 바람을 맞으며 산책하고 있어. 덥고 지친 몸을 시원한 음료로 달래고 싶어. 카페인이 없어서 부담 없이 즐길 수 있어.'),
(113, '추운 겨울날이야, 따뜻한 우롱차가 필요해. 집에서 책을 읽으며 시간을 보내고 있어. 차가운 날씨에 따뜻한 음료를 마시고 싶어. 상쾌한 향이 몸을 따뜻하게 해줘.'),
(114, '더운 여름날이야, 아이스 자스민차가 필요해. 시원한 바람을 맞으며 산책하고 있어. 덥고 지친 몸을 시원한 음료로 달래고 싶어. 카페인이 없어서 부담 없이 즐길 수 있어.'),
(115, '추운 겨울날이야, 따뜻한 자스민차가 필요해. 집에서 책을 읽으며 시간을 보내고 있어. 차가운 날씨에 따뜻한 음료를 마시고 싶어. 상쾌한 향이 몸을 따뜻하게 해줘.'),
(116, '더운 여름날이야, 아이스 민트초코라떼가 필요해. 시원한 바람을 맞으며 산책하고 있어. 덥고 지친 몸을 시원한 음료로 달래고 싶어. 달콤한 맛이 기분을 좋게 해줘.'),
(117, '추운 겨울날이야, 따뜻한 민트초코라떼가 필요해. 집에서 책을 읽으며 시간을 보내고 있어. 차가운 날씨에 따뜻한 음료를 마시고 싶어. 달콤한 맛이 몸을 따뜻하게 해줘.'),
(118, '더운 여름날이야, 아이스 바닐라쉐이크가 필요해. 시원한 바람을 맞으며 산책하고 있어. 덥고 지친 몸을 시원한 음료로 달래고 싶어. 달콤한 맛이 기분을 좋게 해줘.'),
(119, '추운 겨울날이야, 따뜻한 바닐라쉐이크가 필요해. 집에서 책을 읽으며 시간을 보내고 있어. 차가운 날씨에 따뜻한 음료를 마시고 싶어. 달콤한 맛이 몸을 따뜻하게 해줘.'),
(120, '더운 여름날이야, 아이스 초코쉐이크가 필요해. 시원한 바람을 맞으며 산책하고 있어. 덥고 지친 몸을 시원한 음료로 달래고 싶어. 달콤한 맛이 기분을 좋게 해줘.'),
(121, '추운 겨울날이야, 따뜻한 초코쉐이크가 필요해. 집에서 책을 읽으며 시간을 보내고 있어. 차가운 날씨에 따뜻한 음료를 마시고 싶어. 달콤한 맛이 몸을 따뜻하게 해줘.'),
(122, '더운 여름날이야, 아이스 모카쉐이크가 필요해. 시원한 바람을 맞으며 산책하고 있어. 덥고 지친 몸을 시원한 음료로 달래고 싶어. 달콤한 맛이 기분을 좋게 해줘.'),
(123, '추운 겨울날이야, 따뜻한 모카쉐이크가 필요해. 집에서 책을 읽으며 시간을 보내고 있어. 차가운 날씨에 따뜻한 음료를 마시고 싶어. 달콤한 맛이 몸을 따뜻하게 해줘.'),
(124, '더운 여름날이야, 아이스 블루베리쉐이크가 필요해. 시원한 바람을 맞으며 산책하고 있어. 덥고 지친 몸을 시원한 음료로 달래고 싶어. 달콤한 맛이 기분을 좋게 해줘.'),
(125, '추운 겨울날이야, 따뜻한 블루베리쉐이크가 필요해. 집에서 책을 읽으며 시간을 보내고 있어. 차가운 날씨에 따뜻한 음료를 마시고 싶어. 달콤한 맛이 몸을 따뜻하게 해줘.'),
(126, '더운 여름날이야, 아이스 망고쉐이크가 필요해. 시원한 바람을 맞으며 산책하고 있어. 덥고 지친 몸을 시원한 음료로 달래고 싶어. 달콤한 맛이 기분을 좋게 해줘.'),
(127, '추운 겨울날이야, 따뜻한 망고쉐이크가 필요해. 집에서 책을 읽으며 시간을 보내고 있어. 차가운 날씨에 따뜻한 음료를 마시고 싶어. 달콤한 맛이 몸을 따뜻하게 해줘.'),
(128, '더운 여름날이야, 아이스 코코넛쉐이크가 필요해. 시원한 바람을 맞으며 산책하고 있어. 덥고 지친 몸을 시원한 음료로 달래고 싶어. 달콤한 맛이 기분을 좋게 해줘.'),
(129, '추운 겨울날이야, 따뜻한 코코넛쉐이크가 필요해. 집에서 책을 읽으며 시간을 보내고 있어. 차가운 날씨에 따뜻한 음료를 마시고 싶어. 달콤한 맛이 몸을 따뜻하게 해줘.'),
(130, '더운 여름날이야, 아이스 밀크쉐이크가 필요해. 시원한 바람을 맞으며 산책하고 있어. 덥고 지친 몸을 시원한 음료로 달래고 싶어. 달콤한 맛이 기분을 좋게 해줘.'),
(131, '추운 겨울날이야, 따뜻한 밀크쉐이크가 필요해. 집에서 책을 읽으며 시간을 보내고 있어. 차가운 날씨에 따뜻한 음료를 마시고 싶어. 달콤한 맛이 몸을 따뜻하게 해줘.'),
(132, '더운 여름날이야, 아이스 스트로베리쉐이크가 필요해. 시원한 바람을 맞으며 산책하고 있어. 덥고 지친 몸을 시원한 음료로 달래고 싶어. 달콤한 맛이 기분을 좋게 해줘.'),
(133, '추운 겨울날이야, 따뜻한 스트로베리쉐이크가 필요해. 집에서 책을 읽으며 시간을 보내고 있어. 차가운 날씨에 따뜻한 음료를 마시고 싶어. 달콤한 맛이 몸을 따뜻하게 해줘.'),
(134, '더운 여름날이야, 아이스 파인애플쉐이크가 필요해. 시원한 바람을 맞으며 산책하고 있어. 덥고 지친 몸을 시원한 음료로 달래고 싶어. 달콤한 맛이 기분을 좋게 해줘.'),
(135, '추운 겨울날이야, 따뜻한 파인애플쉐이크가 필요해. 집에서 책을 읽으며 시간을 보내고 있어. 차가운 날씨에 따뜻한 음료를 마시고 싶어. 달콤한 맛이 몸을 따뜻하게 해줘.'),
(136, '더운 여름날이야, 아이스 바나나쉐이크가 필요해. 시원한 바람을 맞으며 산책하고 있어. 덥고 지친 몸을 시원한 음료로 달래고 싶어. 달콤한 맛이 기분을 좋게 해줘.'),
(137, '추운 겨울날이야, 따뜻한 바나나쉐이크가 필요해. 집에서 책을 읽으며 시간을 보내고 있어. 차가운 날씨에 따뜻한 음료를 마시고 싶어. 달콤한 맛이 몸을 따뜻하게 해줘.'),
(138, '더운 여름날이야, 아이스 멜론쉐이크가 필요해. 시원한 바람을 맞으며 산책하고 있어. 덥고 지친 몸을 시원한 음료로 달래고 싶어. 달콤한 맛이 기분을 좋게 해줘.'),
(139, '추운 겨울날이야, 따뜻한 멜론쉐이크가 필요해. 집에서 책을 읽으며 시간을 보내고 있어. 차가운 날씨에 따뜻한 음료를 마시고 싶어. 달콤한 맛이 몸을 따뜻하게 해줘.'),
(140, '더운 여름날이야, 아이스 복숭아쉐이크가 필요해. 시원한 바람을 맞으며 산책하고 있어. 덥고 지친 몸을 시원한 음료로 달래고 싶어. 달콤한 맛이 기분을 좋게 해줘.'),
(141, '추운 겨울날이야, 따뜻한 복숭아쉐이크가 필요해. 집에서 책을 읽으며 시간을 보내고 있어. 차가운 날씨에 따뜻한 음료를 마시고 싶어. 달콤한 맛이 몸을 따뜻하게 해줘.'),
(142, '더운 여름날이야, 아이스 크림라떼가 필요해. 시원한 바람을 맞으며 산책하고 있어. 덥고 지친 몸을 시원한 음료로 달래고 싶어. 달콤한 맛이 기분을 좋게 해줘.'),
(143, '추운 겨울날이야, 따뜻한 크림라떼가 필요해. 집에서 책을 읽으며 시간을 보내고 있어. 차가운 날씨에 따뜻한 음료를 마시고 싶어. 달콤한 맛이 몸을 따뜻하게 해줘.'),
(144, '더운 여름날이야, 아이스 마차라떼가 필요해. 시원한 바람을 맞으며 산책하고 있어. 덥고 지친 몸을 시원한 음료로 달래고 싶어. 상쾌한 맛이 기분을 좋게 해줘.'),
(145, '추운 겨울날이야, 따뜻한 마차라떼가 필요해. 집에서 책을 읽으며 시간을 보내고 있어. 차가운 날씨에 따뜻한 음료를 마시고 싶어. 상쾌한 맛이 몸을 따뜻하게 해줘.'),
(146, '더운 여름날이야, 아이스 카라멜라떼가 필요해. 시원한 바람을 맞으며 산책하고 있어. 덥고 지친 몸을 시원한 음료로 달래고 싶어. 달콤한 맛이 기분을 좋게 해줘.'),
(147, '추운 겨울날이야, 따뜻한 카라멜라떼가 필요해. 집에서 책을 읽으며 시간을 보내고 있어. 차가운 날씨에 따뜻한 음료를 마시고 싶어. 달콤한 맛이 몸을 따뜻하게 해줘.'),
(148, '더운 여름날이야, 아이스 캐러멜라떼가 필요해. 시원한 바람을 맞으며 산책하고 있어. 덥고 지친 몸을 시원한 음료로 달래고 싶어. 달콤한 맛이 기분을 좋게 해줘.'),
(149, '추운 겨울날이야, 따뜻한 캐러멜라떼가 필요해. 집에서 책을 읽으며 시간을 보내고 있어. 차가운 날씨에 따뜻한 음료를 마시고 싶어. 달콤한 맛이 몸을 따뜻하게 해줘.'),
(150, '더운 여름날이야, 아이스 땅콩라떼가 필요해. 시원한 바람을 맞으며 산책하고 있어. 덥고 지친 몸을 시원한 음료로 달래고 싶어. 달콤한 맛이 기분을 좋게 해줘.'),
(151, '추운 겨울날이야, 따뜻한 땅콩라떼가 필요해. 집에서 책을 읽으며 시간을 보내고 있어. 차가운 날씨에 따뜻한 음료를 마시고 싶어. 달콤한 맛이 몸을 따뜻하게 해줘.'),
(152, '더운 여름날이야, 아이스 아몬드라떼가 필요해. 시원한 바람을 맞으며 산책하고 있어. 덥고 지친 몸을 시원한 음료로 달래고 싶어. 달콤한 맛이 기분을 좋게 해줘.'),
(153, '추운 겨울날이야, 따뜻한 아몬드라떼가 필요해. 집에서 책을 읽으며 시간을 보내고 있어. 차가운 날씨에 따뜻한 음료를 마시고 싶어. 달콤한 맛이 몸을 따뜻하게 해줘.'),
(154, '더운 여름날이야, 아이스 호두라떼가 필요해. 시원한 바람을 맞으며 산책하고 있어. 덥고 지친 몸을 시원한 음료로 달래고 싶어. 달콤한 맛이 기분을 좋게 해줘.'),
(155, '추운 겨울날이야, 따뜻한 호두라떼가 필요해. 집에서 책을 읽으며 시간을 보내고 있어. 차가운 날씨에 따뜻한 음료를 마시고 싶어. 달콤한 맛이 몸을 따뜻하게 해줘.'),
(156, '더운 여름날이야, 아이스 피스타치오라떼가 필요해. 시원한 바람을 맞으며 산책하고 있어. 덥고 지친 몸을 시원한 음료로 달래고 싶어. 달콤한 맛이 기분을 좋게 해줘.'),
(157, '추운 겨울날이야, 따뜻한 피스타치오라떼가 필요해. 집에서 책을 읽으며 시간을 보내고 있어. 차가운 날씨에 따뜻한 음료를 마시고 싶어. 달콤한 맛이 몸을 따뜻하게 해줘.'),
(158, '더운 여름날이야, 아이스 크림라떼가 필요해. 시원한 바람을 맞으며 산책하고 있어. 덥고 지친 몸을 시원한 음료로 달래고 싶어. 달콤한 맛이 기분을 좋게 해줘.'),
(159, '추운 겨울날이야, 따뜻한 크림라떼가 필요해. 집에서 책을 읽으며 시간을 보내고 있어. 차가운 날씨에 따뜻한 음료를 마시고 싶어. 달콤한 맛이 몸을 따뜻하게 해줘.'),
(160, '더운 여름날이야, 아이스 밀크티라떼가 필요해. 시원한 바람을 맞으며 산책하고 있어. 덥고 지친 몸을 시원한 음료로 달래고 싶어. 달콤한 맛이 기분을 좋게 해줘.'),
(161, '추운 겨울날이야, 따뜻한 밀크티라떼가 필요해. 집에서 책을 읽으며 시간을 보내고 있어. 차가운 날씨에 따뜻한 음료를 마시고 싶어. 달콤한 맛이 몸을 따뜻하게 해줘.'),
(162, '더운 여름날이야, 아이스 마카다미아라떼가 필요해. 시원한 바람을 맞으며 산책하고 있어. 덥고 지친 몸을 시원한 음료로 달래고 싶어. 달콤한 맛이 기분을 좋게 해줘.'),
(163, '추운 겨울날이야, 따뜻한 마카다미아라떼가 필요해. 집에서 책을 읽으며 시간을 보내고 있어. 차가운 날씨에 따뜻한 음료를 마시고 싶어. 달콤한 맛이 몸을 따뜻하게 해줘.'),
(164, '더운 여름날이야, 아이스 블랙티라떼가 필요해. 시원한 바람을 맞으며 산책하고 있어. 덥고 지친 몸을 시원한 음료로 달래고 싶어. 달콤한 맛이 기분을 좋게 해줘.'),
(165, '추운 겨울날이야, 따뜻한 블랙티라떼가 필요해. 집에서 책을 읽으며 시간을 보내고 있어. 차가운 날씨에 따뜻한 음료를 마시고 싶어. 달콤한 맛이 몸을 따뜻하게 해줘.'),
(166, '더운 여름날이야, 아이스 화이트티라떼가 필요해. 시원한 바람을 맞으며 산책하고 있어. 덥고 지친 몸을 시원한 음료로 달래고 싶어. 달콤한 맛이 기분을 좋게 해줘.'),
(167, '추운 겨울날이야, 따뜻한 화이트티라떼가 필요해. 집에서 책을 읽으며 시간을 보내고 있어. 차가운 날씨에 따뜻한 음료를 마시고 싶어. 달콤한 맛이 몸을 따뜻하게 해줘.'),
(168, '더운 여름날이야, 아이스 우롱티라떼가 필요해. 시원한 바람을 맞으며 산책하고 있어. 덥고 지친 몸을 시원한 음료로 달래고 싶어. 달콤한 맛이 기분을 좋게 해줘.'),
(169, '추운 겨울날이야, 따뜻한 우롱티라떼가 필요해. 집에서 책을 읽으며 시간을 보내고 있어. 차가운 날씨에 따뜻한 음료를 마시고 싶어. 달콤한 맛이 몸을 따뜻하게 해줘.'),
(170, '더운 여름날이야, 아이스 그린티라떼가 필요해. 시원한 바람을 맞으며 산책하고 있어. 덥고 지친 몸을 시원한 음료로 달래고 싶어. 상쾌한 맛이 기분을 좋게 해줘.'),
(171, '추운 겨울날이야, 따뜻한 그린티라떼가 필요해. 집에서 책을 읽으며 시간을 보내고 있어. 차가운 날씨에 따뜻한 음료를 마시고 싶어. 상쾌한 맛이 몸을 따뜻하게 해줘.'),
(172, '더운 여름날이야, 아이스 아쌈티라떼가 필요해. 시원한 바람을 맞으며 산책하고 있어. 덥고 지친 몸을 시원한 음료로 달래고 싶어. 상쾌한 맛이 기분을 좋게 해줘.'),
(173, '추운 겨울날이야, 따뜻한 아쌈티라떼가 필요해. 집에서 책을 읽으며 시간을 보내고 있어. 차가운 날씨에 따뜻한 음료를 마시고 싶어. 상쾌한 맛이 몸을 따뜻하게 해줘.'),
(174, '더운 여름날이야, 아이스 얼그레이티라떼가 필요해. 시원한 바람을 맞으며 산책하고 있어. 덥고 지친 몸을 시원한 음료로 달래고 싶어. 상쾌한 맛이 기분을 좋게 해줘.'),
(175, '추운 겨울날이야, 따뜻한 얼그레이티라떼가 필요해. 집에서 책을 읽으며 시간을 보내고 있어. 차가운 날씨에 따뜻한 음료를 마시고 싶어. 상쾌한 맛이 몸을 따뜻하게 해줘.'),
(176, '더운 여름날이야, 아이스 로즈마리티라떼가 필요해. 시원한 바람을 맞으며 산책하고 있어. 덥고 지친 몸을 시원한 음료로 달래고 싶어. 상쾌한 맛이 기분을 좋게 해줘.'),
(177, '추운 겨울날이야, 따뜻한 로즈마리티라떼가 필요해. 집에서 책을 읽으며 시간을 보내고 있어. 차가운 날씨에 따뜻한 음료를 마시고 싶어. 상쾌한 맛이 몸을 따뜻하게 해줘.'),
(178, '더운 여름날이야, 아이스 로즈티라떼가 필요해. 시원한 바람을 맞으며 산책하고 있어. 덥고 지친 몸을 시원한 음료로 달래고 싶어. 상쾌한 맛이 기분을 좋게 해줘.'),
(179, '추운 겨울날이야, 따뜻한 로즈티라떼가 필요해. 집에서 책을 읽으며 시간을 보내고 있어. 차가운 날씨에 따뜻한 음료를 마시고 싶어. 상쾌한 맛이 몸을 따뜻하게 해줘.'),
(180, '더운 여름날이야, 아이스 민트티라떼가 필요해. 시원한 바람을 맞으며 산책하고 있어. 덥고 지친 몸을 시원한 음료로 달래고 싶어. 상쾌한 맛이 기분을 좋게 해줘.'),
(181, '추운 겨울날이야, 따뜻한 민트티라떼가 필요해. 집에서 책을 읽으며 시간을 보내고 있어. 차가운 날씨에 따뜻한 음료를 마시고 싶어. 상쾌한 맛이 몸을 따뜻하게 해줘.'),
(182, '더운 여름날이야, 아이스 계피티라떼가 필요해. 시원한 바람을 맞으며 산책하고 있어. 덥고 지친 몸을 시원한 음료로 달래고 싶어. 상쾌한 맛이 기분을 좋게 해줘.'),
(183, '추운 겨울날이야, 따뜻한 계피티라떼가 필요해. 집에서 책을 읽으며 시간을 보내고 있어. 차가운 날씨에 따뜻한 음료를 마시고 싶어. 상쾌한 맛이 몸을 따뜻하게 해줘.'),
(184, '더운 여름날이야, 아이스 인삼티라떼가 필요해. 시원한 바람을 맞으며 산책하고 있어. 덥고 지친 몸을 시원한 음료로 달래고 싶어. 상쾌한 맛이 기분을 좋게 해줘.'),
(185, '추운 겨울날이야, 따뜻한 인삼티라떼가 필요해. 집에서 책을 읽으며 시간을 보내고 있어. 차가운 날씨에 따뜻한 음료를 마시고 싶어. 상쾌한 맛이 몸을 따뜻하게 해줘.'),
(186, '더운 여름날이야, 아이스 카카오티라떼가 필요해. 시원한 바람을 맞으며 산책하고 있어. 덥고 지친 몸을 시원한 음료로 달래고 싶어. 달콤한 맛이 기분을 좋게 해줘.'),
(187, '추운 겨울날이야, 따뜻한 카카오티라떼가 필요해. 집에서 책을 읽으며 시간을 보내고 있어. 차가운 날씨에 따뜻한 음료를 마시고 싶어. 달콤한 맛이 몸을 따뜻하게 해줘.'),
(188, '더운 여름날이야, 아이스 땅콩티라떼가 필요해. 시원한 바람을 맞으며 산책하고 있어. 덥고 지친 몸을 시원한 음료로 달래고 싶어. 달콤한 맛이 기분을 좋게 해줘.'),
(189, '추운 겨울날이야, 따뜻한 땅콩티라떼가 필요해. 집에서 책을 읽으며 시간을 보내고 있어. 차가운 날씨에 따뜻한 음료를 마시고 싶어. 달콤한 맛이 몸을 따뜻하게 해줘.'),
(190, '더운 여름날이야, 아이스 대추티라떼가 필요해. 시원한 바람을 맞으며 산책하고 있어. 덥고 지친 몸을 시원한 음료로 달래고 싶어. 달콤한 맛이 기분을 좋게 해줘.'),
(191, '추운 겨울날이야, 따뜻한 대추티라떼가 필요해. 집에서 책을 읽으며 시간을 보내고 있어. 차가운 날씨에 따뜻한 음료를 마시고 싶어. 달콤한 맛이 몸을 따뜻하게 해줘.');
-- Beverage 데이터
-- 언더그라운드커피웍스
INSERT INTO beverage (beverage_id, name, cafe_id, document_id, type, price, photo, caffein, fat, kcal, natrium, protein, sugar) VALUES
(1, 'ICE 아메리카노', 1, 1, 'COFFEE', 3900, 'https://alpha-dlink.s3.ap-northeast-2.amazonaws.com/beverage_image/%EC%96%B8%EB%8D%94%EA%B7%B8%EB%9D%BC%EC%9A%B4%EB%93%9C%EC%BB%A4%ED%94%BC%EC%9B%8D%EC%8A%A4/ICE%E1%84%8B%E1%85%A1%E1%84%86%E1%85%A6%E1%84%85%E1%85%B5%E1%84%8F%E1%85%A1%E1%84%82%E1%85%A9.jpeg', 180, 0, 5, 10, 1, 0),
(2, 'HOT 아메리카노', 1, 2, 'COFFEE', 3700, 'https://alpha-dlink.s3.ap-northeast-2.amazonaws.com/beverage_image/%EC%96%B8%EB%8D%94%EA%B7%B8%EB%9D%BC%EC%9A%B4%EB%93%9C%EC%BB%A4%ED%94%BC%EC%9B%8D%EC%8A%A4/HOT%E1%84%8B%E1%85%A1%E1%84%86%E1%85%A6%E1%84%85%E1%85%B5%E1%84%8F%E1%85%A1%E1%84%82%E1%85%A9.jpeg', 180, 0, 5, 10, 1, 0),
(3, 'ICE 카페라떼', 1, 3, 'COFFEE', 4500, 'https://alpha-dlink.s3.ap-northeast-2.amazonaws.com/beverage_image/%EC%96%B8%EB%8D%94%EA%B7%B8%EB%9D%BC%EC%9A%B4%EB%93%9C%EC%BB%A4%ED%94%BC%EC%9B%8D%EC%8A%A4/ICE%E1%84%8F%E1%85%A1%E1%84%91%E1%85%A6%E1%84%85%E1%85%A1%E1%84%84%E1%85%A6.jpeg', 150, 7, 120, 100, 6, 11),
(4, 'HOT 카페라떼', 1, 4, 'COFFEE', 4000, 'https://alpha-dlink.s3.ap-northeast-2.amazonaws.com/beverage_image/%EC%96%B8%EB%8D%94%EA%B7%B8%EB%9D%BC%EC%9A%B4%EB%93%9C%EC%BB%A4%ED%94%BC%EC%9B%8D%EC%8A%A4/HOT%E1%84%8F%E1%85%A1%E1%84%91%E1%85%A6%E1%84%85%E1%85%A1%E1%84%84%E1%85%A6.jpeg', 150, 7, 120, 100, 6, 11),
(5, 'ICE 카푸치노', 1, 5, 'COFFEE', 4500, 'https://alpha-dlink.s3.ap-northeast-2.amazonaws.com/beverage_image/%EC%96%B8%EB%8D%94%EA%B7%B8%EB%9D%BC%EC%9A%B4%EB%93%9C%EC%BB%A4%ED%94%BC%EC%9B%8D%EC%8A%A4/ICE%E1%84%8F%E1%85%A1%E1%84%91%E1%85%AE%E1%84%8E%E1%85%B5%E1%84%82%E1%85%A9.jpeg', 150, 6, 110, 100, 6, 10),
(6, 'HOT 카푸치노', 1, 6, 'COFFEE', 4000, 'https://alpha-dlink.s3.ap-northeast-2.amazonaws.com/beverage_image/%EC%96%B8%EB%8D%94%EA%B7%B8%EB%9D%BC%EC%9A%B4%EB%93%9C%EC%BB%A4%ED%94%BC%EC%9B%8D%EC%8A%A4/HOT%E1%84%8F%E1%85%A1%E1%84%91%E1%85%AE%E1%84%8E%E1%85%B5%E1%84%82%E1%85%A9.jpeg', 150, 6, 110, 100, 6, 10),
(7, 'ICE 바닐라라떼', 1, 7, 'COFFEE', 4800, 'https://alpha-dlink.s3.ap-northeast-2.amazonaws.com/beverage_image/%EC%96%B8%EB%8D%94%EA%B7%B8%EB%9D%BC%EC%9A%B4%EB%93%9C%EC%BB%A4%ED%94%BC%EC%9B%8D%EC%8A%A4/ICE%E1%84%87%E1%85%A1%E1%84%82%E1%85%B5%E1%86%AF%E1%84%85%E1%85%A1%E1%84%85%E1%85%A1%E1%84%84%E1%85%A6.png', 140, 8, 150, 110, 8, 16),
(8, 'HOT 바닐라라떼', 1, 8, 'COFFEE', 4300, 'https://alpha-dlink.s3.ap-northeast-2.amazonaws.com/beverage_image/%EC%96%B8%EB%8D%94%EA%B7%B8%EB%9D%BC%EC%9A%B4%EB%93%9C%EC%BB%A4%ED%94%BC%EC%9B%8D%EC%8A%A4/HOT%E1%84%87%E1%85%A1%E1%84%82%E1%85%B5%E1%86%AF%E1%84%85%E1%85%A1%E1%84%85%E1%85%A1%E1%84%84%E1%85%A6.jpeg', 140, 8, 150, 110, 8, 16),
(9, 'ICE 카라멜마끼아또', 1, 9, 'COFFEE', 5000, 'https://alpha-dlink.s3.ap-northeast-2.amazonaws.com/beverage_image/%EC%96%B8%EB%8D%94%EA%B7%B8%EB%9D%BC%EC%9A%B4%EB%93%9C%EC%BB%A4%ED%94%BC%EC%9B%8D%EC%8A%A4/ICE%E1%84%8F%E1%85%A1%E1%84%85%E1%85%A1%E1%84%86%E1%85%A6%E1%86%AF%E1%84%86%E1%85%A1%E1%84%81%E1%85%B5%E1%84%8B%E1%85%A1%E1%84%84%E1%85%A9.jpeg', 150, 7, 160, 120, 8, 17),
(10, 'HOT 카라멜마끼아또', 1, 10, 'COFFEE', 4500, 'https://alpha-dlink.s3.ap-northeast-2.amazonaws.com/beverage_image/%EC%96%B8%EB%8D%94%EA%B7%B8%EB%9D%BC%EC%9A%B4%EB%93%9C%EC%BB%A4%ED%94%BC%EC%9B%8D%EC%8A%A4/HOT%E1%84%8F%E1%85%A1%E1%84%85%E1%85%A1%E1%84%86%E1%85%A6%E1%86%AF%E1%84%86%E1%85%A1%E1%84%81%E1%85%B5%E1%84%8B%E1%85%A1%E1%84%84%E1%85%A9.png', 150, 7, 160, 120, 8, 17),
(11, 'ICE 카페크림모카', 1, 11, 'COFFEE', 5300, 'https://alpha-dlink.s3.ap-northeast-2.amazonaws.com/beverage_image/%EC%96%B8%EB%8D%94%EA%B7%B8%EB%9D%BC%EC%9A%B4%EB%93%9C%EC%BB%A4%ED%94%BC%EC%9B%8D%EC%8A%A4/ICE%E1%84%8F%E1%85%A1%E1%84%91%E1%85%A6%E1%84%86%E1%85%A9%E1%84%8F%E1%85%A1.jpeg', 150, 8, 180, 130, 9, 18),
(12, 'HOT 카페크림모카', 1, 12, 'COFFEE', 4800, 'https://alpha-dlink.s3.ap-northeast-2.amazonaws.com/beverage_image/%EC%96%B8%EB%8D%94%EA%B7%B8%EB%9D%BC%EC%9A%B4%EB%93%9C%EC%BB%A4%ED%94%BC%EC%9B%8D%EC%8A%A4/HOT%E1%84%8F%E1%85%A1%E1%84%91%E1%85%A6%E1%84%86%E1%85%A9%E1%84%8F%E1%85%A1.jpeg', 150, 8, 180, 130, 9, 18),
(13, 'ICE 레몬차', 1, 13, 'TEA', 4500, 'https://alpha-dlink.s3.ap-northeast-2.amazonaws.com/beverage_image/%EC%96%B8%EB%8D%94%EA%B7%B8%EB%9D%BC%EC%9A%B4%EB%93%9C%EC%BB%A4%ED%94%BC%EC%9B%8D%EC%8A%A4/ICE%E1%84%85%E1%85%A6%E1%84%86%E1%85%A9%E1%86%AB%E1%84%8E%E1%85%A1.jpeg', 0, 0, 30, 10, 0, 7),
(14, 'HOT 레몬차', 1, 14, 'TEA', 4000, 'https://alpha-dlink.s3.ap-northeast-2.amazonaws.com/beverage_image/%EC%96%B8%EB%8D%94%EA%B7%B8%EB%9D%BC%EC%9A%B4%EB%93%9C%EC%BB%A4%ED%94%BC%EC%9B%8D%EC%8A%A4/HOT%E1%84%85%E1%85%A6%E1%84%86%E1%85%A9%E1%86%AB%E1%84%8E%E1%85%A1.jpeg', 0, 0, 30, 10, 0, 7),
(15, 'ICE 자몽차', 1, 15, 'TEA', 4500, 'https://alpha-dlink.s3.ap-northeast-2.amazonaws.com/beverage_image/%EC%96%B8%EB%8D%94%EA%B7%B8%EB%9D%BC%EC%9A%B4%EB%93%9C%EC%BB%A4%ED%94%BC%EC%9B%8D%EC%8A%A4/ICE%E1%84%8C%E1%85%A1%E1%84%86%E1%85%A9%E1%86%BC%E1%84%8E%E1%85%A1.jpeg', 0, 0, 35, 10, 0, 8),
(16, 'HOT 자몽차', 1, 16, 'TEA', 4000, 'https://alpha-dlink.s3.ap-northeast-2.amazonaws.com/beverage_image/%EC%96%B8%EB%8D%94%EA%B7%B8%EB%9D%BC%EC%9A%B4%EB%93%9C%EC%BB%A4%ED%94%BC%EC%9B%8D%EC%8A%A4/HOT%E1%84%8C%E1%85%A1%E1%84%86%E1%85%A9%E1%86%BC%E1%84%8E%E1%85%A1.jpeg', 0, 0, 35, 10, 0, 8),
(17, '레몬에이드', 1, 17, 'ADE', 4500, 'https://alpha-dlink.s3.ap-northeast-2.amazonaws.com/beverage_image/%EC%96%B8%EB%8D%94%EA%B7%B8%EB%9D%BC%EC%9A%B4%EB%93%9C%EC%BB%A4%ED%94%BC%EC%9B%8D%EC%8A%A4/%E1%84%85%E1%85%A6%E1%84%86%E1%85%A9%E1%86%AB%E1%84%8B%E1%85%A6%E1%84%8B%E1%85%B5%E1%84%83%E1%85%B3.jpeg', 0, 0, 120, 5, 0, 28),
(18, '자몽에이드', 1, 18, 'ADE', 4500, 'https://alpha-dlink.s3.ap-northeast-2.amazonaws.com/beverage_image/%EC%96%B8%EB%8D%94%EA%B7%B8%EB%9D%BC%EC%9A%B4%EB%93%9C%EC%BB%A4%ED%94%BC%EC%9B%8D%EC%8A%A4/%E1%84%8C%E1%85%A1%E1%84%86%E1%85%A9%E1%86%BC%E1%84%8B%E1%85%A6%E1%84%8B%E1%85%B5%E1%84%83%E1%85%B3.jpeg', 0, 0, 130, 5, 0, 30),
(19, '라임에이드', 1, 19, 'ADE', 4500, 'https://alpha-dlink.s3.ap-northeast-2.amazonaws.com/beverage_image/%EC%96%B8%EB%8D%94%EA%B7%B8%EB%9D%BC%EC%9A%B4%EB%93%9C%EC%BB%A4%ED%94%BC%EC%9B%8D%EC%8A%A4/%E1%84%85%E1%85%A1%E1%84%8B%E1%85%B5%E1%86%B7%E1%84%8B%E1%85%A6%E1%84%8B%E1%85%B5%E1%84%83%E1%85%B3.jpeg', 0, 0, 110, 5, 0, 26),
(20, 'ICE 캐모마일티', 1, 20, 'TEA', 4500, 'https://alpha-dlink.s3.ap-northeast-2.amazonaws.com/beverage_image/%EC%96%B8%EB%8D%94%EA%B7%B8%EB%9D%BC%EC%9A%B4%EB%93%9C%EC%BB%A4%ED%94%BC%EC%9B%8D%EC%8A%A4/ICE%E1%84%8F%E1%85%A2%E1%84%86%E1%85%A9%E1%84%86%E1%85%A1%E1%84%8B%E1%85%B5%E1%86%AF%E1%84%90%E1%85%B5.jpeg', 0, 0, 20, 5, 0, 5),
(21, 'HOT 캐모마일티', 1, 21, 'TEA', 4000, 'https://alpha-dlink.s3.ap-northeast-2.amazonaws.com/beverage_image/%EC%96%B8%EB%8D%94%EA%B7%B8%EB%9D%BC%EC%9A%B4%EB%93%9C%EC%BB%A4%ED%94%BC%EC%9B%8D%EC%8A%A4/HOT%E1%84%8F%E1%85%A2%E1%84%86%E1%85%A9%E1%84%86%E1%85%A1%E1%84%8B%E1%85%B5%E1%86%AF%E1%84%90%E1%85%B5.jpeg', 0, 0, 20, 5, 0, 5),
(22, 'ICE 루이보스티', 1, 22, 'TEA', 4500, 'https://alpha-dlink.s3.ap-northeast-2.amazonaws.com/beverage_image/%EC%96%B8%EB%8D%94%EA%B7%B8%EB%9D%BC%EC%9A%B4%EB%93%9C%EC%BB%A4%ED%94%BC%EC%9B%8D%EC%8A%A4/ICE%E1%84%85%E1%85%AE%E1%84%8B%E1%85%B5%E1%84%87%E1%85%A9%E1%84%89%E1%85%B3%E1%84%90%E1%85%B5.jpeg', 0, 0, 20, 5, 0, 5),
(23, 'HOT 루이보스티', 1, 23, 'TEA', 4000, 'https://alpha-dlink.s3.ap-northeast-2.amazonaws.com/beverage_image/%EC%96%B8%EB%8D%94%EA%B7%B8%EB%9D%BC%EC%9A%B4%EB%93%9C%EC%BB%A4%ED%94%BC%EC%9B%8D%EC%8A%A4/HOT%E1%84%85%E1%85%AE%E1%84%8B%E1%85%B5%E1%84%87%E1%85%A9%E1%84%89%E1%85%B3%E1%84%90%E1%85%B5.jpeg', 0, 0, 20, 5, 0, 5),
(24, 'ICE 페퍼민트', 1, 24, 'TEA', 4500, 'https://alpha-dlink.s3.ap-northeast-2.amazonaws.com/beverage_image/%EC%96%B8%EB%8D%94%EA%B7%B8%EB%9D%BC%EC%9A%B4%EB%93%9C%EC%BB%A4%ED%94%BC%EC%9B%8D%EC%8A%A4/ICE%E1%84%91%E1%85%A6%E1%84%91%E1%85%A5%E1%84%86%E1%85%B5%E1%86%AB%E1%84%90%E1%85%B3%E1%84%8E%E1%85%A1.jpeg', 0, 0, 20, 5, 0, 5),
(25, 'HOT 페퍼민트', 1, 25, 'TEA', 4000, 'https://alpha-dlink.s3.ap-northeast-2.amazonaws.com/beverage_image/%EC%96%B8%EB%8D%94%EA%B7%B8%EB%9D%BC%EC%9A%B4%EB%93%9C%EC%BB%A4%ED%94%BC%EC%9B%8D%EC%8A%A4/HOT%E1%84%91%E1%85%A6%E1%84%91%E1%85%A5%E1%84%86%E1%85%B5%E1%86%AB%E1%84%90%E1%85%B3%E1%84%8E%E1%85%A1.jpeg', 0, 0, 20, 5, 0, 5),
(26, 'ICE 레몬진저', 1, 26, 'TEA', 4500, 'https://alpha-dlink.s3.ap-northeast-2.amazonaws.com/beverage_image/%EC%96%B8%EB%8D%94%EA%B7%B8%EB%9D%BC%EC%9A%B4%EB%93%9C%EC%BB%A4%ED%94%BC%EC%9B%8D%EC%8A%A4/ICE%E1%84%85%E1%85%A6%E1%84%86%E1%85%A9%E1%86%AB%E1%84%8C%E1%85%B5%E1%86%AB%E1%84%8C%E1%85%A5%E1%84%90%E1%85%B5.jpeg', 0, 0, 30, 5, 0, 7),
(27, 'HOT 레몬진저', 1, 27, 'TEA', 4000, 'https://alpha-dlink.s3.ap-northeast-2.amazonaws.com/beverage_image/%EC%96%B8%EB%8D%94%EA%B7%B8%EB%9D%BC%EC%9A%B4%EB%93%9C%EC%BB%A4%ED%94%BC%EC%9B%8D%EC%8A%A4/HOT%E1%84%85%E1%85%A6%E1%84%86%E1%85%A9%E1%86%AB%E1%84%8C%E1%85%B5%E1%86%AB%E1%84%8C%E1%85%A5%E1%84%90%E1%85%B5.jpeg', 0, 0, 30, 5, 0, 7),
(28, 'ICE 허브티', 1, 28, 'TEA', 4500, 'https://alpha-dlink.s3.ap-northeast-2.amazonaws.com/beverage_image/%EC%96%B8%EB%8D%94%EA%B7%B8%EB%9D%BC%EC%9A%B4%EB%93%9C%EC%BB%A4%ED%94%BC%EC%9B%8D%EC%8A%A4/ICE%E1%84%92%E1%85%A5%E1%84%87%E1%85%B3%E1%84%90%E1%85%B5.jpeg', 0, 0, 20, 5, 0, 5),
(29, 'HOT 허브티', 1, 29, 'TEA', 4000, 'https://alpha-dlink.s3.ap-northeast-2.amazonaws.com/beverage_image/%EC%96%B8%EB%8D%94%EA%B7%B8%EB%9D%BC%EC%9A%B4%EB%93%9C%EC%BB%A4%ED%94%BC%EC%9B%8D%EC%8A%A4/HOT%E1%84%92%E1%85%A5%E1%84%87%E1%85%B3%E1%84%90%E1%85%B5.jpeg', 0, 0, 20, 5, 0, 5),
(30, 'ICE 밀크티', 1, 30, 'TEA', 4500, 'https://alpha-dlink.s3.ap-northeast-2.amazonaws.com/beverage_image/%EC%96%B8%EB%8D%94%EA%B7%B8%EB%9D%BC%EC%9A%B4%EB%93%9C%EC%BB%A4%ED%94%BC%EC%9B%8D%EC%8A%A4/ICE%E1%84%86%E1%85%B5%E1%86%AF%E1%84%8F%E1%85%B3%E1%84%90%E1%85%B5.jpeg', 60, 5, 100, 80, 5, 15),
(31, 'HOT 밀크티', 1, 31, 'TEA', 4000, 'https://alpha-dlink.s3.ap-northeast-2.amazonaws.com/beverage_image/%EC%96%B8%EB%8D%94%EA%B7%B8%EB%9D%BC%EC%9A%B4%EB%93%9C%EC%BB%A4%ED%94%BC%EC%9B%8D%EC%8A%A4/HOT%E1%84%86%E1%85%B5%E1%86%AF%E1%84%8F%E1%85%B3%E1%84%90%E1%85%B5.jpeg', 60, 5, 100, 80, 5, 15),
(32, '핫초코', 1, 32, 'BEVERAGE', 4000, 'https://alpha-dlink.s3.ap-northeast-2.amazonaws.com/beverage_image/%EC%96%B8%EB%8D%94%EA%B7%B8%EB%9D%BC%EC%9A%B4%EB%93%9C%EC%BB%A4%ED%94%BC%EC%9B%8D%EC%8A%A4/%E1%84%92%E1%85%A1%E1%86%BA%E1%84%8E%E1%85%A9%E1%84%8F%E1%85%A9.jpeg', 5, 3, 200, 150, 5, 25),
(33, '아이스초코', 1, 33, 'BEVERAGE', 4500, 'https://alpha-dlink.s3.ap-northeast-2.amazonaws.com/beverage_image/%EC%96%B8%EB%8D%94%EA%B7%B8%EB%9D%BC%EC%9A%B4%EB%93%9C%EC%BB%A4%ED%94%BC%EC%9B%8D%EC%8A%A4/%E1%84%8B%E1%85%A1%E1%84%8B%E1%85%B5%E1%84%89%E1%85%B3%E1%84%8E%E1%85%A9%E1%84%8F%E1%85%A9.jpeg', 5, 3, 200, 150, 5, 25),
(34, 'ICE 녹차라떼', 1, 34, 'BEVERAGE', 4500, 'https://alpha-dlink.s3.ap-northeast-2.amazonaws.com/beverage_image/%EC%96%B8%EB%8D%94%EA%B7%B8%EB%9D%BC%EC%9A%B4%EB%93%9C%EC%BB%A4%ED%94%BC%EC%9B%8D%EC%8A%A4/ICE%E1%84%82%E1%85%A9%E1%86%A8%E1%84%8E%E1%85%A1%E1%84%85%E1%85%A1%E1%84%84%E1%85%A6.jpeg', 30, 4, 150, 100, 4, 10),
(35, 'HOT 녹차라떼', 1, 35, 'BEVERAGE', 4000, 'https://alpha-dlink.s3.ap-northeast-2.amazonaws.com/beverage_image/%EC%96%B8%EB%8D%94%EA%B7%B8%EB%9D%BC%EC%9A%B4%EB%93%9C%EC%BB%A4%ED%94%BC%EC%9B%8D%EC%8A%A4/HOT%E1%84%82%E1%85%A9%E1%86%A8%E1%84%8E%E1%85%A1%E1%84%85%E1%85%A1%E1%84%84%E1%85%A6.jpeg', 30, 4, 150, 100, 4, 10),
(36, '딸기우유', 1, 36, 'BEVERAGE', 4500, 'https://alpha-dlink.s3.ap-northeast-2.amazonaws.com/beverage_image/%EC%96%B8%EB%8D%94%EA%B7%B8%EB%9D%BC%EC%9A%B4%EB%93%9C%EC%BB%A4%ED%94%BC%EC%9B%8D%EC%8A%A4/%E1%84%84%E1%85%A1%E1%86%AF%E1%84%80%E1%85%B5%E1%84%8B%E1%85%AE%E1%84%8B%E1%85%B2.jpeg', 0, 2, 160, 80, 5, 20);

--- 카페그리다
INSERT INTO beverage (beverage_id, name, cafe_id, document_id, type, price, photo, caffein, fat, kcal, natrium, protein, sugar) VALUES
(37, 'ICE 아메리카노', 2, 37, 'COFFEE', 4000, 'https://alpha-dlink.s3.ap-northeast-2.amazonaws.com/beverage_image/%EC%B9%B4%ED%8E%98%EA%B7%B8%EB%A6%AC%EB%8B%A4/ICE%E1%84%8B%E1%85%A1%E1%84%86%E1%85%A6%E1%84%85%E1%85%B5%E1%84%8F%E1%85%A1%E1%84%82%E1%85%A9.jpeg', 180, 0, 0, 10, 1, 0),
(38, 'HOT 아메리카노', 2, 38, 'COFFEE', 4000, 'https://alpha-dlink.s3.ap-northeast-2.amazonaws.com/beverage_image/%EC%B9%B4%ED%8E%98%EA%B7%B8%EB%A6%AC%EB%8B%A4/HOT%E1%84%8B%E1%85%A1%E1%84%86%E1%85%A6%E1%84%85%E1%85%B5%E1%84%8F%E1%85%A1%E1%84%82%E1%85%A9.jpeg', 180, 0, 0, 10, 1, 0),
(39, '에스프레소', 2, 39, 'COFFEE', 3500, 'https://alpha-dlink.s3.ap-northeast-2.amazonaws.com/beverage_image/%EC%B9%B4%ED%8E%98%EA%B7%B8%EB%A6%AC%EB%8B%A4/%E1%84%8B%E1%85%A6%E1%84%89%E1%85%B3%E1%84%91%E1%85%B3%E1%84%85%E1%85%A6%E1%84%89%E1%85%A9.jpeg', 240, 0, 0, 10, 1, 0),
(40, 'ICE 카페라떼', 2, 40, 'COFFEE', 4500, 'https://alpha-dlink.s3.ap-northeast-2.amazonaws.com/beverage_image/%EC%B9%B4%ED%8E%98%EA%B7%B8%EB%A6%AC%EB%8B%A4/ICE%E1%84%8F%E1%85%A1%E1%84%91%E1%85%A6%E1%84%85%E1%85%A1%E1%84%84%E1%85%A6.jpeg', 150, 3, 100, 10, 6, 10),
(41, 'HOT 카페라떼', 2, 41, 'COFFEE', 4500, 'https://alpha-dlink.s3.ap-northeast-2.amazonaws.com/beverage_image/%EC%B9%B4%ED%8E%98%EA%B7%B8%EB%A6%AC%EB%8B%A4/HOT%E1%84%8F%E1%85%A1%E1%84%91%E1%85%A6%E1%84%85%E1%85%A1%E1%84%84%E1%85%A6.jpeg', 150, 3, 100, 10, 6, 10),
(42, 'ICE 카푸치노', 2, 42, 'COFFEE', 4500, 'https://alpha-dlink.s3.ap-northeast-2.amazonaws.com/beverage_image/%EC%B9%B4%ED%8E%98%EA%B7%B8%EB%A6%AC%EB%8B%A4/ICE%E1%84%8F%E1%85%A1%E1%84%91%E1%85%AE%E1%84%8E%E1%85%B5%E1%84%82%E1%85%A9.jpeg', 150, 3, 100, 10, 6, 10),
(43, 'HOT 카푸치노', 2, 43, 'COFFEE', 4500, 'https://alpha-dlink.s3.ap-northeast-2.amazonaws.com/beverage_image/%EC%B9%B4%ED%8E%98%EA%B7%B8%EB%A6%AC%EB%8B%A4/HOT%E1%84%8F%E1%85%A1%E1%84%91%E1%85%AE%E1%84%8E%E1%85%B5%E1%84%82%E1%85%A9.jpeg', 150, 3, 100, 10, 6, 10),
(44, 'ICE 바닐라라떼', 2, 44, 'COFFEE', 5000, 'https://alpha-dlink.s3.ap-northeast-2.amazonaws.com/beverage_image/%EC%B9%B4%ED%8E%98%EA%B7%B8%EB%A6%AC%EB%8B%A4/ICE%E1%84%87%E1%85%A1%E1%84%82%E1%85%B5%E1%86%AF%E1%84%85%E1%85%A1%E1%84%85%E1%85%A1%E1%84%84%E1%85%A6.png', 150, 4, 150, 15, 6, 15),
(45, 'HOT 바닐라라떼', 2, 45, 'COFFEE', 5000, 'https://alpha-dlink.s3.ap-northeast-2.amazonaws.com/beverage_image/%EC%B9%B4%ED%8E%98%EA%B7%B8%EB%A6%AC%EB%8B%A4/HOT%E1%84%87%E1%85%A1%E1%84%82%E1%85%B5%E1%86%AF%E1%84%85%E1%85%A1%E1%84%85%E1%85%A1%E1%84%84%E1%85%A6.jpeg', 150, 4, 150, 15, 6, 15),
(46, 'ICE 헤이즐넛라떼', 2, 46, 'COFFEE', 5000, 'https://alpha-dlink.s3.ap-northeast-2.amazonaws.com/beverage_image/%EC%B9%B4%ED%8E%98%EA%B7%B8%EB%A6%AC%EB%8B%A4/ICE%E1%84%92%E1%85%A6%E1%84%8B%E1%85%B5%E1%84%8C%E1%85%B3%E1%86%AF%E1%84%82%E1%85%A5%E1%86%BA%E1%84%85%E1%85%A1%E1%84%84%E1%85%A6.jpeg', 150, 4, 150, 15, 6, 15),
(47, 'HOT 헤이즐넛라떼', 2, 47, 'COFFEE', 5000, 'https://alpha-dlink.s3.ap-northeast-2.amazonaws.com/beverage_image/%EC%B9%B4%ED%8E%98%EA%B7%B8%EB%A6%AC%EB%8B%A4/HOT%E1%84%92%E1%85%A6%E1%84%8B%E1%85%B5%E1%84%8C%E1%85%B3%E1%86%AF%E1%84%82%E1%85%A5%E1%86%BA%E1%84%85%E1%85%A1%E1%84%84%E1%85%A6.jpg', 150, 4, 150, 15, 6, 15),
(48, 'ICE 카페모카', 2, 48, 'COFFEE', 5000, 'https://alpha-dlink.s3.ap-northeast-2.amazonaws.com/beverage_image/%EC%B9%B4%ED%8E%98%EA%B7%B8%EB%A6%AC%EB%8B%A4/ICE%E1%84%8F%E1%85%A1%E1%84%91%E1%85%A6%E1%84%86%E1%85%A9%E1%84%8F%E1%85%A1.jpeg', 150, 5, 200, 20, 6, 20),
(49, 'HOT 카페모카', 2, 49, 'COFFEE', 5000, 'https://alpha-dlink.s3.ap-northeast-2.amazonaws.com/beverage_image/%EC%B9%B4%ED%8E%98%EA%B7%B8%EB%A6%AC%EB%8B%A4/HOT%E1%84%8F%E1%85%A1%E1%84%91%E1%85%A6%E1%84%86%E1%85%A9%E1%84%8F%E1%85%A1.jpeg', 150, 5, 200, 20, 6, 20),
(50, 'ICE 카라멜마끼아또', 2, 50, 'COFFEE', 5000, 'https://alpha-dlink.s3.ap-northeast-2.amazonaws.com/beverage_image/%EC%B9%B4%ED%8E%98%EA%B7%B8%EB%A6%AC%EB%8B%A4/ICE%E1%84%8F%E1%85%A1%E1%84%85%E1%85%A1%E1%84%86%E1%85%A6%E1%86%AF%E1%84%86%E1%85%A1%E1%84%81%E1%85%B5%E1%84%8B%E1%85%A1%E1%84%84%E1%85%A9.jpeg', 150, 4, 200, 20, 6, 20),
(51, 'HOT 카라멜마끼아또', 2, 51, 'COFFEE', 5000, 'https://alpha-dlink.s3.ap-northeast-2.amazonaws.com/beverage_image/%EC%B9%B4%ED%8E%98%EA%B7%B8%EB%A6%AC%EB%8B%A4/HOT%E1%84%8F%E1%85%A1%E1%84%85%E1%85%A1%E1%84%86%E1%85%A6%E1%86%AF%E1%84%86%E1%85%A1%E1%84%81%E1%85%B5%E1%84%8B%E1%85%A1%E1%84%84%E1%85%A9.png', 150, 4, 200, 20, 6, 20),
(52, 'ICE 토피넛라떼', 2, 52, 'COFFEE', 5000, 'https://alpha-dlink.s3.ap-northeast-2.amazonaws.com/beverage_image/%EC%B9%B4%ED%8E%98%EA%B7%B8%EB%A6%AC%EB%8B%A4/ICE%E1%84%90%E1%85%A9%E1%84%91%E1%85%B5%E1%84%82%E1%85%A5%E1%86%BA%E1%84%85%E1%85%A1%E1%84%84%E1%85%A6.jpeg', 150, 4, 200, 20, 6, 20),
(53, 'HOT 토피넛라떼', 2, 53, 'COFFEE', 5000, 'https://alpha-dlink.s3.ap-northeast-2.amazonaws.com/beverage_image/%EC%B9%B4%ED%8E%98%EA%B7%B8%EB%A6%AC%EB%8B%A4/HOT%E1%84%90%E1%85%A9%E1%84%91%E1%85%B5%E1%84%82%E1%85%A5%E1%86%BA%E1%84%85%E1%85%A1%E1%84%84%E1%85%A6.jpeg', 150, 4, 200, 20, 6, 20),
(54, 'ICE 그린모카라떼', 2, 54, 'COFFEE', 5500, 'https://alpha-dlink.s3.ap-northeast-2.amazonaws.com/beverage_image/%EC%B9%B4%ED%8E%98%EA%B7%B8%EB%A6%AC%EB%8B%A4/%E1%84%80%E1%85%B3%E1%84%85%E1%85%B5%E1%86%AB%E1%84%86%E1%85%A9%E1%84%8F%E1%85%A1%E1%84%85%E1%85%A1%E1%84%84%E1%85%A6.png', 150, 3, 150, 15, 6, 15),
(55, 'HOT 그린모카라떼', 2, 55, 'COFFEE', 5500, 'https://alpha-dlink.s3.ap-northeast-2.amazonaws.com/beverage_image/%EC%B9%B4%ED%8E%98%EA%B7%B8%EB%A6%AC%EB%8B%A4/%E1%84%80%E1%85%B3%E1%84%85%E1%85%B5%E1%86%AB%E1%84%86%E1%85%A9%E1%84%8F%E1%85%A1%E1%84%85%E1%85%A1%E1%84%84%E1%85%A6.png', 150, 3, 150, 15, 6, 15),
(56, 'ICE 코코슈가라떼', 2, 56, 'COFFEE', 5500, 'https://alpha-dlink.s3.ap-northeast-2.amazonaws.com/beverage_image/%EC%B9%B4%ED%8E%98%EA%B7%B8%EB%A6%AC%EB%8B%A4/ICE%E1%84%8F%E1%85%A9%E1%84%8F%E1%85%A9%E1%84%82%E1%85%A5%E1%86%BA%E1%84%89%E1%85%B2%E1%84%80%E1%85%A1%E1%84%85%E1%85%A1%E1%84%84%E1%85%A6.jpeg', 150, 3, 150, 15, 6, 15),
(57, 'HOT 코코슈가라떼', 2, 57, 'COFFEE', 5500, 'https://alpha-dlink.s3.ap-northeast-2.amazonaws.com/beverage_image/%EC%B9%B4%ED%8E%98%EA%B7%B8%EB%A6%AC%EB%8B%A4/HOT%E1%84%8F%E1%85%A9%E1%84%8F%E1%85%A9%E1%84%82%E1%85%A5%E1%86%BA%E1%84%89%E1%85%B2%E1%84%80%E1%85%A1%E1%84%85%E1%85%A1%E1%84%84%E1%85%A6.jpeg', 150, 3, 150, 15, 6, 15),
(58, 'ICE 초코라떼', 2, 58, 'BEVERAGE', 5500, 'https://alpha-dlink.s3.ap-northeast-2.amazonaws.com/beverage_image/%EC%B9%B4%ED%8E%98%EA%B7%B8%EB%A6%AC%EB%8B%A4/%E1%84%8B%E1%85%A1%E1%84%8B%E1%85%B5%E1%84%89%E1%85%B3%E1%84%8E%E1%85%A9%E1%84%8F%E1%85%A9.jpeg', 0, 5, 250, 20, 6, 20),
(59, 'HOT 초코라떼', 2, 59, 'BEVERAGE', 5500, 'https://alpha-dlink.s3.ap-northeast-2.amazonaws.com/beverage_image/%EC%B9%B4%ED%8E%98%EA%B7%B8%EB%A6%AC%EB%8B%A4/%E1%84%92%E1%85%A1%E1%86%BA%E1%84%8E%E1%85%A9%E1%84%8F%E1%85%A9.jpeg', 0, 5, 250, 20, 6, 20),
(60, 'ICE 홍차라떼', 2, 60, 'BEVERAGE', 5500, 'https://alpha-dlink.s3.ap-northeast-2.amazonaws.com/beverage_image/%EC%B9%B4%ED%8E%98%EA%B7%B8%EB%A6%AC%EB%8B%A4/ICE%E1%84%92%E1%85%A9%E1%86%BC%E1%84%8E%E1%85%A1%E1%84%85%E1%85%A1%E1%84%84%E1%85%A6.jpeg', 60, 3, 150, 10, 6, 15),
(61, 'HOT 홍차라떼', 2, 61, 'BEVERAGE', 5500, 'https://alpha-dlink.s3.ap-northeast-2.amazonaws.com/beverage_image/%EC%B9%B4%ED%8E%98%EA%B7%B8%EB%A6%AC%EB%8B%A4/HOT%E1%84%92%E1%85%A9%E1%86%BC%E1%84%8E%E1%85%A1%E1%84%85%E1%85%A1%E1%84%84%E1%85%A6.jpeg', 60, 3, 150, 10, 6, 15),
(62, 'ICE 그린티라떼', 2, 62, 'BEVERAGE', 5500, 'https://alpha-dlink.s3.ap-northeast-2.amazonaws.com/beverage_image/%EC%B9%B4%ED%8E%98%EA%B7%B8%EB%A6%AC%EB%8B%A4/ICE%E1%84%82%E1%85%A9%E1%86%A8%E1%84%8E%E1%85%A1%E1%84%85%E1%85%A1%E1%84%84%E1%85%A6.jpeg', 60, 3, 150, 10, 6, 15),
(63, 'HOT 그린티라떼', 2, 63, 'BEVERAGE', 5500, 'https://alpha-dlink.s3.ap-northeast-2.amazonaws.com/beverage_image/%EC%B9%B4%ED%8E%98%EA%B7%B8%EB%A6%AC%EB%8B%A4/HOT%E1%84%82%E1%85%A9%E1%86%A8%E1%84%8E%E1%85%A1%E1%84%85%E1%85%A1%E1%84%84%E1%85%A6.jpeg', 60, 3, 150, 10, 6, 15),
(64, 'ICE 오곡라떼', 2, 64, 'BEVERAGE', 5500, 'https://alpha-dlink.s3.ap-northeast-2.amazonaws.com/beverage_image/%EC%B9%B4%ED%8E%98%EA%B7%B8%EB%A6%AC%EB%8B%A4/ICE%E1%84%8B%E1%85%A9%E1%84%80%E1%85%A9%E1%86%A8%E1%84%85%E1%85%A1%E1%84%84%E1%85%A6.jpeg', 0, 3, 150, 15, 6, 15),
(65, 'HOT 오곡라떼', 2, 65, 'BEVERAGE', 5500, 'https://alpha-dlink.s3.ap-northeast-2.amazonaws.com/beverage_image/%EC%B9%B4%ED%8E%98%EA%B7%B8%EB%A6%AC%EB%8B%A4/HOT%E1%84%8B%E1%85%A9%E1%84%80%E1%85%A9%E1%86%A8%E1%84%85%E1%85%A1%E1%84%84%E1%85%A6.jpeg', 0, 3, 150, 15, 6, 15),
(66, 'ICE 캐모마일티', 2, 66, 'TEA', 4000, 'https://alpha-dlink.s3.ap-northeast-2.amazonaws.com/beverage_image/%EC%B9%B4%ED%8E%98%EA%B7%B8%EB%A6%AC%EB%8B%A4/ICE%E1%84%8F%E1%85%A2%E1%84%86%E1%85%A9%E1%84%86%E1%85%A1%E1%84%8B%E1%85%B5%E1%86%AF%E1%84%90%E1%85%B5.jpeg', 0, 0, 20, 5, 0, 5),
(67, 'HOT 캐모마일티', 2, 67, 'TEA', 4000, 'https://alpha-dlink.s3.ap-northeast-2.amazonaws.com/beverage_image/%EC%B9%B4%ED%8E%98%EA%B7%B8%EB%A6%AC%EB%8B%A4/HOT%E1%84%8F%E1%85%A2%E1%84%86%E1%85%A9%E1%84%86%E1%85%A1%E1%84%8B%E1%85%B5%E1%86%AF%E1%84%90%E1%85%B5.jpeg', 0, 0, 20, 5, 0, 5),
(68, 'ICE 페퍼민트티', 2, 68, 'TEA', 4000, 'https://alpha-dlink.s3.ap-northeast-2.amazonaws.com/beverage_image/%EC%B9%B4%ED%8E%98%EA%B7%B8%EB%A6%AC%EB%8B%A4/ICE%E1%84%91%E1%85%A6%E1%84%91%E1%85%A5%E1%84%86%E1%85%B5%E1%86%AB%E1%84%90%E1%85%B3%E1%84%8E%E1%85%A1.jpeg', 0, 0, 20, 5, 0, 5),
(69, 'HOT 페퍼민트티', 2, 69, 'TEA', 4000, 'https://alpha-dlink.s3.ap-northeast-2.amazonaws.com/beverage_image/%EC%B9%B4%ED%8E%98%EA%B7%B8%EB%A6%AC%EB%8B%A4/HOT%E1%84%91%E1%85%A6%E1%84%91%E1%85%A5%E1%84%86%E1%85%B5%E1%86%AB%E1%84%90%E1%85%B3%E1%84%8E%E1%85%A1.jpeg', 0, 0, 20, 5, 0, 5),
(70, 'ICE 머스캣티', 2, 70, 'TEA', 4000, 'https://alpha-dlink.s3.ap-northeast-2.amazonaws.com/beverage_image/%EC%B9%B4%ED%8E%98%EA%B7%B8%EB%A6%AC%EB%8B%A4/%E1%84%86%E1%85%A5%E1%84%89%E1%85%B3%E1%84%8F%E1%85%A2%E1%86%BA%E1%84%90%E1%85%B5.jpeg', 0, 0, 2, 1, 0, 0),
(71, 'HOT 머스캣티', 2, 71, 'TEA', 4000, 'https://alpha-dlink.s3.ap-northeast-2.amazonaws.com/beverage_image/%EC%B9%B4%ED%8E%98%EA%B7%B8%EB%A6%AC%EB%8B%A4/%E1%84%86%E1%85%A5%E1%84%89%E1%85%B3%E1%84%8F%E1%85%A2%E1%86%BA%E1%84%90%E1%85%B5.jpeg', 0, 0, 2, 1, 0, 0),
(72, 'ICE 애플유자티', 2, 72, 'TEA', 5500, 'https://alpha-dlink.s3.ap-northeast-2.amazonaws.com/beverage_image/%EC%B9%B4%ED%8E%98%EA%B7%B8%EB%A6%AC%EB%8B%A4/ICE%E1%84%8B%E1%85%A2%E1%84%91%E1%85%B3%E1%86%AF%E1%84%8B%E1%85%B2%E1%84%8C%E1%85%A1%E1%84%90%E1%85%B5.jpeg', 0, 0, 2, 1, 0, 0),
(73, 'HOT 애플유자티', 2, 73, 'TEA', 5500, 'https://alpha-dlink.s3.ap-northeast-2.amazonaws.com/beverage_image/%EC%B9%B4%ED%8E%98%EA%B7%B8%EB%A6%AC%EB%8B%A4/HOT%E1%84%8B%E1%85%A2%E1%84%91%E1%85%B3%E1%86%AF%E1%84%8B%E1%85%B2%E1%84%8C%E1%85%A1%E1%84%90%E1%85%B5.jpeg', 0, 0, 2, 1, 0, 0),
(74, 'ICE 오미자티', 2, 74, 'TEA', 5500, 'https://alpha-dlink.s3.ap-northeast-2.amazonaws.com/beverage_image/%EC%B9%B4%ED%8E%98%EA%B7%B8%EB%A6%AC%EB%8B%A4/ICE%E1%84%8B%E1%85%A9%E1%84%86%E1%85%B5%E1%84%8C%E1%85%A1%E1%84%90%E1%85%B5.png', 0, 0, 2, 1, 0, 0),
(75, 'HOT 오미자티', 2, 75, 'TEA', 5500, 'https://alpha-dlink.s3.ap-northeast-2.amazonaws.com/beverage_image/%EC%B9%B4%ED%8E%98%EA%B7%B8%EB%A6%AC%EB%8B%A4/HOT%E1%84%8B%E1%85%A9%E1%84%86%E1%85%B5%E1%84%8C%E1%85%A1%E1%84%90%E1%85%B5.jpeg', 0, 0, 2, 1, 0, 0),
(76, 'ICE 레몬얼그레이티', 2, 76, 'TEA', 5000, 'https://alpha-dlink.s3.ap-northeast-2.amazonaws.com/beverage_image/%EC%B9%B4%ED%8E%98%EA%B7%B8%EB%A6%AC%EB%8B%A4/ICE%E1%84%85%E1%85%A6%E1%84%86%E1%85%A9%E1%86%AB%E1%84%8B%E1%85%A5%E1%86%AF%E1%84%80%E1%85%B3%E1%84%85%E1%85%A6%E1%84%8B%E1%85%B5%E1%84%90%E1%85%B5.png', 0, 0, 50, 5, 0, 10),
(77, 'HOT 레몬얼그레이티', 2, 77, 'TEA', 5000, 'https://alpha-dlink.s3.ap-northeast-2.amazonaws.com/beverage_image/%EC%B9%B4%ED%8E%98%EA%B7%B8%EB%A6%AC%EB%8B%A4/HOT%E1%84%85%E1%85%A6%E1%84%86%E1%85%A9%E1%86%AB%E1%84%8B%E1%85%A5%E1%86%AF%E1%84%80%E1%85%B3%E1%84%85%E1%85%A6%E1%84%8B%E1%85%B5%E1%84%90%E1%85%B5.jpeg', 0, 0, 50, 5, 0, 10),
(78, 'ICE 오렌지자몽블랙티', 2, 78, 'TEA', 5000, 'https://alpha-dlink.s3.ap-northeast-2.amazonaws.com/beverage_image/%EC%B9%B4%ED%8E%98%EA%B7%B8%EB%A6%AC%EB%8B%A4/ICE%E1%84%8B%E1%85%A9%E1%84%85%E1%85%A6%E1%86%AB%E1%84%8C%E1%85%B5%E1%84%8C%E1%85%A1%E1%84%86%E1%85%A9%E1%86%BC%E1%84%87%E1%85%B3%E1%86%AF%E1%84%85%E1%85%A2%E1%86%A8%E1%84%90%E1%85%B5.jpeg', 0, 0, 50, 5, 0, 10),
(79, 'HOT 오렌지자몽블랙티', 2, 79, 'TEA', 5000, 'https://alpha-dlink.s3.ap-northeast-2.amazonaws.com/beverage_image/%EC%B9%B4%ED%8E%98%EA%B7%B8%EB%A6%AC%EB%8B%A4/HOT%E1%84%8B%E1%85%A9%E1%84%85%E1%85%A6%E1%86%AB%E1%84%8C%E1%85%B5%E1%84%8C%E1%85%A1%E1%84%86%E1%85%A9%E1%86%BC%E1%84%87%E1%85%B3%E1%86%AF%E1%84%85%E1%85%A2%E1%86%A8%E1%84%90%E1%85%B5.jpeg', 0, 0, 50, 5, 0, 10),
(80, 'ICE 레몬티', 2, 80, 'TEA', 5500, 'https://alpha-dlink.s3.ap-northeast-2.amazonaws.com/beverage_image/%EC%B9%B4%ED%8E%98%EA%B7%B8%EB%A6%AC%EB%8B%A4/ICE%E1%84%85%E1%85%A6%E1%84%86%E1%85%A9%E1%86%AB%E1%84%8E%E1%85%A1.jpeg', 0, 0, 50, 5, 0, 10),
(81, 'HOT 레몬티', 2, 81, 'TEA', 5500, 'https://alpha-dlink.s3.ap-northeast-2.amazonaws.com/beverage_image/%EC%B9%B4%ED%8E%98%EA%B7%B8%EB%A6%AC%EB%8B%A4/HOT%E1%84%85%E1%85%A6%E1%84%86%E1%85%A9%E1%86%AB%E1%84%8E%E1%85%A1.jpeg', 0, 0, 50, 5, 0, 10),
(82, '복숭아아이스티', 2, 82, 'BEVERAGE', 4000, 'https://alpha-dlink.s3.ap-northeast-2.amazonaws.com/beverage_image/%EC%B9%B4%ED%8E%98%EA%B7%B8%EB%A6%AC%EB%8B%A4/%E1%84%87%E1%85%A9%E1%86%A8%E1%84%89%E1%85%AE%E1%86%BC%E1%84%8B%E1%85%A1%E1%84%8B%E1%85%A1%E1%84%8B%E1%85%B5%E1%84%89%E1%85%B3%E1%84%90%E1%85%B5.png', 0, 0, 100, 5, 0, 25),
(83, '아샷추', 2, 83, 'BEVERAGE', 4500, 'https://alpha-dlink.s3.ap-northeast-2.amazonaws.com/beverage_image/%EC%B9%B4%ED%8E%98%EA%B7%B8%EB%A6%AC%EB%8B%A4/%E1%84%8B%E1%85%A1%E1%84%89%E1%85%A3%E1%86%BA%E1%84%8E%E1%85%AE.jpeg', 180, 0, 50, 5, 0, 20),
(84, '쿠앤크프라페', 2, 84, 'BEVERAGE', 6500, 'https://alpha-dlink.s3.ap-northeast-2.amazonaws.com/beverage_image/%EC%B9%B4%ED%8E%98%EA%B7%B8%EB%A6%AC%EB%8B%A4/%E1%84%8F%E1%85%AE%E1%84%8F%E1%85%B5%E1%84%8B%E1%85%A2%E1%86%AB%E1%84%8F%E1%85%B3%E1%84%85%E1%85%B5%E1%86%B7%E1%84%91%E1%85%B3%E1%84%85%E1%85%A1%E1%84%91%E1%85%A6.png', 50, 5, 300, 20, 6, 40),
(85, '토마토주스', 2, 85, 'BEVERAGE', 6000, 'https://alpha-dlink.s3.ap-northeast-2.amazonaws.com/beverage_image/%EC%B9%B4%ED%8E%98%EA%B7%B8%EB%A6%AC%EB%8B%A4/%E1%84%90%E1%85%A9%E1%84%86%E1%85%A1%E1%84%90%E1%85%A9%E1%84%8C%E1%85%AE%E1%84%89%E1%85%B3.jpeg', 0, 0, 50, 5, 1, 10),
(86, '딸기주스', 2, 86, 'BEVERAGE', 6000, 'https://alpha-dlink.s3.ap-northeast-2.amazonaws.com/beverage_image/%EC%B9%B4%ED%8E%98%EA%B7%B8%EB%A6%AC%EB%8B%A4/%E1%84%84%E1%85%A1%E1%86%AF%E1%84%80%E1%85%B5%E1%84%8C%E1%85%AE%E1%84%89%E1%85%B3.jpeg', 0, 0, 100, 5, 1, 20),
(87, '바나나주스', 2, 87, 'BEVERAGE', 6000, 'https://alpha-dlink.s3.ap-northeast-2.amazonaws.com/beverage_image/%EC%B9%B4%ED%8E%98%EA%B7%B8%EB%A6%AC%EB%8B%A4/%E1%84%87%E1%85%A1%E1%84%82%E1%85%A1%E1%84%82%E1%85%A1%E1%84%8C%E1%85%AE%E1%84%89%E1%85%B3.jpeg', 0, 0, 150, 5, 1, 25),
(88, '유자스무디', 2, 88, 'BEVERAGE', 5500, 'https://alpha-dlink.s3.ap-northeast-2.amazonaws.com/beverage_image/%EC%B9%B4%ED%8E%98%EA%B7%B8%EB%A6%AC%EB%8B%A4/%E1%84%8B%E1%85%B2%E1%84%8C%E1%85%A1%E1%84%89%E1%85%B3%E1%84%86%E1%85%AE%E1%84%83%E1%85%B5.jpeg', 0, 1, 150, 5, 1, 30),
(89, '자몽에이드', 2, 89, 'ADE', 6000, 'https://alpha-dlink.s3.ap-northeast-2.amazonaws.com/beverage_image/%EC%B9%B4%ED%8E%98%EA%B7%B8%EB%A6%AC%EB%8B%A4/%E1%84%8C%E1%85%A1%E1%84%86%E1%85%A9%E1%86%BC%E1%84%8B%E1%85%A6%E1%84%8B%E1%85%B5%E1%84%83%E1%85%B3.jpeg', 0, 0, 100, 5, 0, 25),
(90, '청포도에이드', 2, 90, 'ADE', 6000, 'https://alpha-dlink.s3.ap-northeast-2.amazonaws.com/beverage_image/%EC%B9%B4%ED%8E%98%EA%B7%B8%EB%A6%AC%EB%8B%A4/%E1%84%8E%E1%85%A5%E1%86%BC%E1%84%91%E1%85%A9%E1%84%83%E1%85%A9%E1%84%8B%E1%85%A6%E1%84%8B%E1%85%B5%E1%84%83%E1%85%B3.png', 0, 0, 100, 5, 0, 25),
(91, '코코망고에이드', 2, 91, 'ADE', 6000, 'https://alpha-dlink.s3.ap-northeast-2.amazonaws.com/beverage_image/%EC%B9%B4%ED%8E%98%EA%B7%B8%EB%A6%AC%EB%8B%A4/%E1%84%8F%E1%85%A9%E1%84%8F%E1%85%A9%E1%84%82%E1%85%A5%E1%86%BA%E1%84%86%E1%85%A1%E1%86%BC%E1%84%80%E1%85%A9%E1%84%8B%E1%85%A6%E1%84%8B%E1%85%B5%E1%84%83%E1%85%B3.jpeg', 0, 0, 150, 5, 0, 30),
(92, '패션후르츠에이드', 2, 92, 'ADE', 6000, 'https://alpha-dlink.s3.ap-northeast-2.amazonaws.com/beverage_image/%EC%B9%B4%ED%8E%98%EA%B7%B8%EB%A6%AC%EB%8B%A4/%E1%84%91%E1%85%A2%E1%84%89%E1%85%A7%E1%86%AB%E1%84%92%E1%85%AE%E1%84%85%E1%85%B3%E1%84%8E%E1%85%B3%E1%84%8B%E1%85%A6%E1%84%8B%E1%85%B5%E1%84%83%E1%85%B3.png', 0, 0, 150, 5, 0, 30),
(93, '오미자베리에이드', 2, 93, 'ADE', 6000, 'https://alpha-dlink.s3.ap-northeast-2.amazonaws.com/beverage_image/%EC%B9%B4%ED%8E%98%EA%B7%B8%EB%A6%AC%EB%8B%A4/%E1%84%8B%E1%85%A9%E1%84%86%E1%85%B5%E1%84%8C%E1%85%A1%E1%84%87%E1%85%A6%E1%84%85%E1%85%B5%E1%84%8B%E1%85%A6%E1%84%8B%E1%85%B5%E1%84%83%E1%85%B3.jpeg', 0, 0, 150, 5, 0, 30),
(94, '레몬에이드', 2, 94, 'ADE', 6000, 'https://alpha-dlink.s3.ap-northeast-2.amazonaws.com/beverage_image/%EC%B9%B4%ED%8E%98%EA%B7%B8%EB%A6%AC%EB%8B%A4/%E1%84%85%E1%85%A6%E1%84%86%E1%85%A9%E1%86%AB%E1%84%8B%E1%85%A6%E1%84%8B%E1%85%B5%E1%84%83%E1%85%B3.jpeg', 0, 0, 100, 5, 0, 25);

---카페테인
INSERT INTO beverage (beverage_id, name, cafe_id, document_id, type, price, photo, caffein, fat, kcal, natrium, protein, sugar) VALUES
(95, 'HOT 에스프레소 콘파냐', 4, 95, 'COFFEE', 3800, 'https://alpha-dlink.s3.ap-northeast-2.amazonaws.com/beverage_image/%EC%B9%B4%ED%8E%98%ED%85%8C%EC%9D%B8/%E1%84%8B%E1%85%A6%E1%84%89%E1%85%B3%E1%84%91%E1%85%B3%E1%84%85%E1%85%A6%E1%84%89%E1%85%A9+%E1%84%8F%E1%85%A9%E1%86%AB%E1%84%91%E1%85%A1%E1%84%82%E1%85%A3.jpeg', 180, 2, 15, 5, 1, 0),
(96, 'HOT 시나몬카노', 4, 96, 'COFFEE', 3900, 'https://alpha-dlink.s3.ap-northeast-2.amazonaws.com/beverage_image/%EC%B9%B4%ED%8E%98%ED%85%8C%EC%9D%B8/HOT+%E1%84%89%E1%85%B5%E1%84%82%E1%85%A1%E1%84%86%E1%85%A9%E1%86%AB%E1%84%8F%E1%85%A1%E1%84%82%E1%85%A9.jpeg', 180, 1, 10, 5, 1, 2),
(97, 'ICE 시나몬카노', 4, 97, 'COFFEE', 4200, 'https://alpha-dlink.s3.ap-northeast-2.amazonaws.com/beverage_image/%EC%B9%B4%ED%8E%98%ED%85%8C%EC%9D%B8/ICE+%E1%84%89%E1%85%B5%E1%84%82%E1%85%A1%E1%84%86%E1%85%A9%E1%86%AB%E1%84%8F%E1%85%A1%E1%84%82%E1%85%A9.jpeg', 180, 1, 10, 5, 1, 2),
(98, 'HOT 플랫 화이트', 4, 98, 'COFFEE', 4800, 'https://alpha-dlink.s3.ap-northeast-2.amazonaws.com/beverage_image/%EC%B9%B4%ED%8E%98%ED%85%8C%EC%9D%B8/HOT+%E1%84%91%E1%85%B3%E1%86%AF%E1%84%85%E1%85%A2%E1%86%BA+%E1%84%92%E1%85%AA%E1%84%8B%E1%85%B5%E1%84%90%E1%85%B3.jpeg', 150, 4, 120, 10, 6, 10),
(99, 'ICE 자몽 아메리카노', 4, 99, 'COFFEE', 4800, 'https://alpha-dlink.s3.ap-northeast-2.amazonaws.com/beverage_image/%EC%B9%B4%ED%8E%98%ED%85%8C%EC%9D%B8/ICE+%E1%84%8C%E1%85%A1%E1%84%86%E1%85%A9%E1%86%BC+%E1%84%8B%E1%85%A1%E1%84%86%E1%85%A6%E1%84%85%E1%85%B5%E1%84%8F%E1%85%A1%E1%84%82%E1%85%A9.jpg', 150, 0, 50, 10, 1, 10),
(100, 'ICE 레몬 아메리카노', 4, 100, 'COFFEE', 4800, 'https://alpha-dlink.s3.ap-northeast-2.amazonaws.com/beverage_image/%EC%B9%B4%ED%8E%98%ED%85%8C%EC%9D%B8/ICE+%E1%84%85%E1%85%A6%E1%84%86%E1%85%A9%E1%86%AB+%E1%84%8B%E1%85%A1%E1%84%86%E1%85%A6%E1%84%85%E1%85%B5%E1%84%8F%E1%85%A1%E1%84%82%E1%85%A9.jpg', 150, 0, 50, 10, 1, 10),
(101, 'HOT 누텔라 카페 모카', 4, 101, 'COFFEE', 5200, 'https://alpha-dlink.s3.ap-northeast-2.amazonaws.com/beverage_image/%EC%B9%B4%ED%8E%98%ED%85%8C%EC%9D%B8/HOT+%E1%84%82%E1%85%AE%E1%84%90%E1%85%A6%E1%86%AF%E1%84%85%E1%85%A1+%E1%84%8F%E1%85%A1%E1%84%91%E1%85%A6+%E1%84%86%E1%85%A9%E1%84%8F%E1%85%A1.jpeg', 200, 10, 300, 15, 8, 25),
(102, 'HOT 아인슈페너', 4, 102, 'COFFEE', 5200, 'https://alpha-dlink.s3.ap-northeast-2.amazonaws.com/beverage_image/%EC%B9%B4%ED%8E%98%ED%85%8C%EC%9D%B8/HOT+%E1%84%8B%E1%85%A1%E1%84%8B%E1%85%B5%E1%86%AB%E1%84%89%E1%85%B2%E1%84%91%E1%85%A6%E1%84%82%E1%85%A5.jpeg', 200, 10, 250, 15, 8, 20),
(103, 'ICE 스카치 라떼', 4, 103, 'COFFEE', 5500, 'https://alpha-dlink.s3.ap-northeast-2.amazonaws.com/beverage_image/%EC%B9%B4%ED%8E%98%ED%85%8C%EC%9D%B8/ICE+%E1%84%89%E1%85%B3%E1%84%8F%E1%85%A1%E1%84%8E%E1%85%B5+%E1%84%85%E1%85%A1%E1%84%84%E1%85%A6.jpeg', 180, 6, 220, 20, 10, 18),
(104, 'HOT 녹차 라떼', 4, 104, 'BEVERAGE', 4800, 'https://alpha-dlink.s3.ap-northeast-2.amazonaws.com/beverage_image/%EC%B9%B4%ED%8E%98%ED%85%8C%EC%9D%B8/HOT+%E1%84%82%E1%85%A9%E1%86%A8%E1%84%8E%E1%85%A1+%E1%84%85%E1%85%A1%E1%84%84%E1%85%A6.jpeg', 60, 5, 200, 15, 8, 20),
(105, 'ICE 녹차 라떼', 4, 105, 'BEVERAGE', 5500, 'https://alpha-dlink.s3.ap-northeast-2.amazonaws.com/beverage_image/%EC%B9%B4%ED%8E%98%ED%85%8C%EC%9D%B8/ICE+%E1%84%82%E1%85%A9%E1%86%A8%E1%84%8E%E1%85%A1+%E1%84%85%E1%85%A1%E1%84%84%E1%85%A6.jpeg', 60, 5, 220, 20, 8, 22),
(106, 'HOT 차이티 라떼', 4, 106, 'BEVERAGE', 3900, 'https://alpha-dlink.s3.ap-northeast-2.amazonaws.com/beverage_image/%EC%B9%B4%ED%8E%98%ED%85%8C%EC%9D%B8/HOT+%E1%84%8E%E1%85%A1%E1%84%8B%E1%85%B5%E1%84%90%E1%85%B5+%E1%84%85%E1%85%A1%E1%84%84%E1%85%A6.jpeg', 50, 5, 180, 15, 7, 18),
(107, 'HOT 밀크티', 4, 107, 'BEVERAGE', 3900, 'https://alpha-dlink.s3.ap-northeast-2.amazonaws.com/beverage_image/%EC%B9%B4%ED%8E%98%ED%85%8C%EC%9D%B8/HOT+%E1%84%86%E1%85%B5%E1%86%AF%E1%84%8F%E1%85%B3%E1%84%90%E1%85%B5.jpeg', 30, 5, 170, 10, 6, 15),
(108, 'HOT 고구마 라떼', 4, 108, 'BEVERAGE', 4500, 'https://alpha-dlink.s3.ap-northeast-2.amazonaws.com/beverage_image/%EC%B9%B4%ED%8E%98%ED%85%8C%EC%9D%B8/HOT+%E1%84%80%E1%85%A9%E1%84%80%E1%85%AE%E1%84%86%E1%85%A1+%E1%84%85%E1%85%A1%E1%84%84%E1%85%A6.jpeg', 0, 5, 250, 15, 5, 20),
(109, '과일 주스', 4, 109, 'BEVERAGE', 5000, 'https://alpha-dlink.s3.ap-northeast-2.amazonaws.com/beverage_image/%EC%B9%B4%ED%8E%98%ED%85%8C%EC%9D%B8/%E1%84%80%E1%85%AA%E1%84%8B%E1%85%B5%E1%86%AF+%E1%84%8C%E1%85%AE%E1%84%89%E1%85%B3.jpeg', 0, 0, 100, 10, 1, 20),
(110, '복숭아 아이스티', 4, 110, 'TEA', 4500, 'https://alpha-dlink.s3.ap-northeast-2.amazonaws.com/beverage_image/%EC%B9%B4%ED%8E%98%ED%85%8C%EC%9D%B8/%E1%84%8B%E1%85%A1%E1%84%8B%E1%85%B5%E1%84%89%E1%85%B3%E1%84%90%E1%85%B5(%E1%84%87%E1%85%A9%E1%86%A8%E1%84%89%E1%85%AE%E1%86%BC%E1%84%8B%E1%85%A1).jpeg', 0, 0, 80, 10, 0, 18),
(111, 'HOT 에스프레소', 4, 111, 'COFFEE', 3300, 'https://alpha-dlink.s3.ap-northeast-2.amazonaws.com/beverage_image/%EC%B9%B4%ED%8E%98%ED%85%8C%EC%9D%B8/HOT+%E1%84%8B%E1%85%A6%E1%84%89%E1%85%B3%E1%84%91%E1%85%B3%E1%84%85%E1%85%A6%E1%84%89%E1%85%A9.jpeg', 180, 0, 10, 5, 1, 0),
(112, 'HOT 아메리카노', 4, 112, 'COFFEE', 3300, 'https://alpha-dlink.s3.ap-northeast-2.amazonaws.com/beverage_image/%EC%B9%B4%ED%8E%98%ED%85%8C%EC%9D%B8/HOT+%E1%84%8B%E1%85%A1%E1%84%86%E1%85%A6%E1%84%85%E1%85%B5%E1%84%8F%E1%85%A1%E1%84%82%E1%85%A9.jpeg', 180, 0, 10, 5, 1, 0),
(113, 'ICE 아메리카노', 4, 113, 'COFFEE', 4000, 'https://alpha-dlink.s3.ap-northeast-2.amazonaws.com/beverage_image/%EC%B9%B4%ED%8E%98%ED%85%8C%EC%9D%B8/ICE+%E1%84%8B%E1%85%A1%E1%84%86%E1%85%A6%E1%84%85%E1%85%B5%E1%84%8F%E1%85%A1%E1%84%82%E1%85%A9.jpg', 180, 0, 10, 5, 1, 0),
(114, 'HOT 카푸치노', 4, 114, 'COFFEE', 3800, 'https://alpha-dlink.s3.ap-northeast-2.amazonaws.com/beverage_image/%EC%B9%B4%ED%8E%98%ED%85%8C%EC%9D%B8/HOT+%E1%84%8F%E1%85%A1%E1%84%91%E1%85%AE%E1%84%8E%E1%85%B5%E1%84%82%E1%85%A9.jpeg', 150, 4, 120, 10, 6, 10),
(115, 'ICE 카푸치노', 4, 115, 'COFFEE', 4200, 'https://alpha-dlink.s3.ap-northeast-2.amazonaws.com/beverage_image/%EC%B9%B4%ED%8E%98%ED%85%8C%EC%9D%B8/ICE%E1%84%8F%E1%85%A1%E1%84%91%E1%85%AE%E1%84%8E%E1%85%B5%E1%84%82%E1%85%A9.jpeg', 150, 4, 120, 10, 6, 10),
(116, 'HOT 카페라떼', 4, 116, 'COFFEE', 3800, 'https://alpha-dlink.s3.ap-northeast-2.amazonaws.com/beverage_image/%EC%B9%B4%ED%8E%98%ED%85%8C%EC%9D%B8/HOT+%E1%84%8F%E1%85%A1%E1%84%91%E1%85%A6%E1%84%85%E1%85%A1%E1%84%84%E1%85%A6.jpeg', 150, 4, 130, 10, 6, 12),
(117, 'ICE 카페라떼', 4, 117, 'COFFEE', 4200, 'https://alpha-dlink.s3.ap-northeast-2.amazonaws.com/beverage_image/%EC%B9%B4%ED%8E%98%ED%85%8C%EC%9D%B8/ICE+%E1%84%8F%E1%85%A1%E1%84%91%E1%85%A6%E1%84%85%E1%85%A1%E1%84%84%E1%85%A6.jpeg', 150, 4, 130, 10, 6, 12),
(118, 'HOT 바닐라 라떼', 4, 118, 'COFFEE', 3900, 'https://alpha-dlink.s3.ap-northeast-2.amazonaws.com/beverage_image/%EC%B9%B4%ED%8E%98%ED%85%8C%EC%9D%B8/HOT+%E1%84%87%E1%85%A1%E1%84%82%E1%85%B5%E1%86%AF%E1%84%85%E1%85%A1+%E1%84%85%E1%85%A1%E1%84%84%E1%85%A6.jpeg', 150, 4, 140, 15, 6, 15),
(119, 'ICE 바닐라 라떼', 4, 119, 'COFFEE', 4500, 'https://alpha-dlink.s3.ap-northeast-2.amazonaws.com/beverage_image/%EC%B9%B4%ED%8E%98%ED%85%8C%EC%9D%B8/ICE+%E1%84%87%E1%85%A1%E1%84%82%E1%85%B5%E1%86%AF%E1%84%85%E1%85%A1+%E1%84%85%E1%85%A1%E1%84%84%E1%85%A6.jpeg', 150, 4, 140, 15, 6, 15),
(120, 'HOT 카라멜 마끼아또', 4, 120, 'COFFEE', 3900, 'https://alpha-dlink.s3.ap-northeast-2.amazonaws.com/beverage_image/%EC%B9%B4%ED%8E%98%ED%85%8C%EC%9D%B8/HOT+%E1%84%8F%E1%85%A1%E1%84%85%E1%85%A1%E1%84%86%E1%85%A6%E1%86%AF+%E1%84%86%E1%85%A1%E1%84%81%E1%85%B5%E1%84%8B%E1%85%A1%E1%84%84%E1%85%A9.jpeg', 150, 5, 150, 15, 7, 20),
(121, 'ICE 카라멜 마끼아또', 4, 121, 'COFFEE', 4500, 'https://alpha-dlink.s3.ap-northeast-2.amazonaws.com/beverage_image/%EC%B9%B4%ED%8E%98%ED%85%8C%EC%9D%B8/ICE+%E1%84%8F%E1%85%A1%E1%84%85%E1%85%A1%E1%84%86%E1%85%A6%E1%86%AF+%E1%84%86%E1%85%A1%E1%84%81%E1%85%B5%E1%84%8B%E1%85%A1%E1%84%84%E1%85%A9.jpeg', 150, 5, 150, 15, 7, 20),
(122, 'HOT 카페 모카', 4, 122, 'COFFEE', 4300, 'https://alpha-dlink.s3.ap-northeast-2.amazonaws.com/beverage_image/%EC%B9%B4%ED%8E%98%ED%85%8C%EC%9D%B8/HOT+%E1%84%8F%E1%85%A1%E1%84%91%E1%85%A6+%E1%84%86%E1%85%A9%E1%84%8F%E1%85%A1.jpeg', 150, 6, 180, 20, 8, 25),
(123, 'ICE 카페 모카', 4, 123, 'COFFEE', 4800, 'https://alpha-dlink.s3.ap-northeast-2.amazonaws.com/beverage_image/%EC%B9%B4%ED%8E%98%ED%85%8C%EC%9D%B8/ICE+%E1%84%8F%E1%85%A1%E1%84%91%E1%85%A6+%E1%84%86%E1%85%A9%E1%84%8F%E1%85%A1.jpeg', 150, 6, 180, 20, 8, 25),
(124, 'HOT 민트 카페 모카', 4, 124, 'COFFEE', 4500, 'https://alpha-dlink.s3.ap-northeast-2.amazonaws.com/beverage_image/%EC%B9%B4%ED%8E%98%ED%85%8C%EC%9D%B8/HOT+%E1%84%86%E1%85%B5%E1%86%AB%E1%84%90%E1%85%B3+%E1%84%8F%E1%85%A1%E1%84%91%E1%85%A6+%E1%84%86%E1%85%A9%E1%84%8F%E1%85%A1.jpeg', 150, 6, 190, 20, 8, 26),
(125, 'ICE 민트 카페 모카', 4, 125, 'COFFEE', 5000, 'https://alpha-dlink.s3.ap-northeast-2.amazonaws.com/beverage_image/%EC%B9%B4%ED%8E%98%ED%85%8C%EC%9D%B8/ICE+%E1%84%86%E1%85%B5%E1%86%AB%E1%84%90%E1%85%B3+%E1%84%8F%E1%85%A1%E1%84%91%E1%85%A6+%E1%84%86%E1%85%A9%E1%84%8F%E1%85%A1.jpeg', 150, 6, 190, 20, 8, 26),
(126, 'HOT 샤케라또', 4, 126, 'COFFEE', 5200, 'https://alpha-dlink.s3.ap-northeast-2.amazonaws.com/beverage_image/%EC%B9%B4%ED%8E%98%ED%85%8C%EC%9D%B8/HOT+%E1%84%89%E1%85%A3%E1%84%8F%E1%85%A6%E1%84%85%E1%85%A1%E1%84%84%E1%85%A9.jpeg', 150, 0, 50, 5, 1, 5),
(127, 'ICE 샤케라또', 4, 127, 'COFFEE', 5500, 'https://alpha-dlink.s3.ap-northeast-2.amazonaws.com/beverage_image/%EC%B9%B4%ED%8E%98%ED%85%8C%EC%9D%B8/ICE+%E1%84%89%E1%85%A3%E1%84%8F%E1%85%A6%E1%84%85%E1%85%A1%E1%84%84%E1%85%A9.jpeg', 150, 0, 50, 5, 1, 5),
(128, 'HOT 초코 라떼', 4, 128, 'BEVERAGE', 4000, 'https://alpha-dlink.s3.ap-northeast-2.amazonaws.com/beverage_image/%EC%B9%B4%ED%8E%98%ED%85%8C%EC%9D%B8/HOT+%E1%84%8E%E1%85%A9%E1%84%8F%E1%85%A9+%E1%84%85%E1%85%A1%E1%84%84%E1%85%A6.jpeg', 0, 6, 180, 15, 5, 22),
(129, 'ICE 초코 라떼', 4, 129, 'BEVERAGE', 4700, 'https://alpha-dlink.s3.ap-northeast-2.amazonaws.com/beverage_image/%EC%B9%B4%ED%8E%98%ED%85%8C%EC%9D%B8/ICE+%E1%84%8E%E1%85%A9%E1%84%8F%E1%85%A9+%E1%84%85%E1%85%A1%E1%84%84%E1%85%A6.jpeg', 0, 6, 180, 15, 5, 22),
(130, 'HOT 민트 초코 라떼', 4, 130, 'BEVERAGE', 4300, 'https://alpha-dlink.s3.ap-northeast-2.amazonaws.com/beverage_image/%EC%B9%B4%ED%8E%98%ED%85%8C%EC%9D%B8/HOT+%E1%84%86%E1%85%B5%E1%86%AB%E1%84%90%E1%85%B3+%E1%84%8E%E1%85%A9%E1%84%8F%E1%85%A9+%E1%84%85%E1%85%A1%E1%84%84%E1%85%A6.jpeg', 0, 6, 190, 15, 5, 24),
(131, 'ICE 민트 초코 라떼', 4, 131, 'BEVERAGE', 4900, 'https://alpha-dlink.s3.ap-northeast-2.amazonaws.com/beverage_image/%EC%B9%B4%ED%8E%98%ED%85%8C%EC%9D%B8/ICE+%E1%84%86%E1%85%B5%E1%86%AB%E1%84%90%E1%85%B3+%E1%84%8E%E1%85%A9%E1%84%8F%E1%85%A9+%E1%84%85%E1%85%A1%E1%84%84%E1%85%A6.png', 0, 6, 190, 15, 5, 24),
(132, 'HOT 딸기 초코', 4, 132, 'BEVERAGE', 4200, 'https://alpha-dlink.s3.ap-northeast-2.amazonaws.com/beverage_image/%EC%B9%B4%ED%8E%98%ED%85%8C%EC%9D%B8/HOT+%E1%84%84%E1%85%A1%E1%86%AF%E1%84%80%E1%85%B5+%E1%84%8E%E1%85%A9%E1%84%8F%E1%85%A9.jpeg', 0, 5, 160, 10, 4, 20),
(133, 'ICE 딸기 초코', 4, 133, 'BEVERAGE', 4800, 'https://alpha-dlink.s3.ap-northeast-2.amazonaws.com/beverage_image/%EC%B9%B4%ED%8E%98%ED%85%8C%EC%9D%B8/ICE+%E1%84%84%E1%85%A1%E1%86%AF%E1%84%80%E1%85%B5+%E1%84%8E%E1%85%A9%E1%84%8F%E1%85%A9.jpeg', 0, 5, 160, 10, 4, 20),
(134, 'HOT 바나나 초코', 4, 134, 'BEVERAGE', 4200, 'https://alpha-dlink.s3.ap-northeast-2.amazonaws.com/beverage_image/%EC%B9%B4%ED%8E%98%ED%85%8C%EC%9D%B8/HOT+%E1%84%87%E1%85%A1%E1%84%82%E1%85%A1%E1%84%82%E1%85%A1+%E1%84%8E%E1%85%A9%E1%84%8F%E1%85%A9.png', 0, 5, 170, 10, 4, 22),
(135, 'ICE 바나나 초코', 4, 135, 'BEVERAGE', 4800, 'https://alpha-dlink.s3.ap-northeast-2.amazonaws.com/beverage_image/%EC%B9%B4%ED%8E%98%ED%85%8C%EC%9D%B8/ICE+%E1%84%87%E1%85%A1%E1%84%82%E1%85%A1%E1%84%82%E1%85%A1+%E1%84%8E%E1%85%A9%E1%84%8F%E1%85%A9.jpeg', 0, 5, 170, 10, 4, 22),
(136, 'HOT 바닐라 화이트 초코', 4, 136, 'BEVERAGE', 4500, 'https://alpha-dlink.s3.ap-northeast-2.amazonaws.com/beverage_image/%EC%B9%B4%ED%8E%98%ED%85%8C%EC%9D%B8/HOT+%E1%84%87%E1%85%A1%E1%84%82%E1%85%B5%E1%86%AF%E1%84%85%E1%85%A1+%E1%84%92%E1%85%AA%E1%84%8B%E1%85%B5%E1%84%90%E1%85%B3+%E1%84%8E%E1%85%A9%E1%84%8F%E1%85%A9.jpeg', 0, 6, 180, 15, 5, 22),
(137, 'ICE 바닐라 화이트 초코', 4, 137, 'BEVERAGE', 4900, 'https://alpha-dlink.s3.ap-northeast-2.amazonaws.com/beverage_image/%EC%B9%B4%ED%8E%98%ED%85%8C%EC%9D%B8/ICE+%E1%84%87%E1%85%A1%E1%84%82%E1%85%B5%E1%86%AF%E1%84%85%E1%85%A1+%E1%84%92%E1%85%AA%E1%84%8B%E1%85%B5%E1%84%90%E1%85%B3+%E1%84%8E%E1%85%A9%E1%84%8F%E1%85%A9.jpeg', 0, 6, 180, 15, 5, 22),
(138, 'HOT 머쉬멜로우 초코', 4, 138, 'BEVERAGE', 4700, 'https://alpha-dlink.s3.ap-northeast-2.amazonaws.com/beverage_image/%EC%B9%B4%ED%8E%98%ED%85%8C%EC%9D%B8/HOT+%E1%84%86%E1%85%A5%E1%84%89%E1%85%B1%E1%84%86%E1%85%A6%E1%86%AF%E1%84%85%E1%85%A9%E1%84%8B%E1%85%AE+%E1%84%8E%E1%85%A9%E1%84%8F%E1%85%A9.jpeg', 0, 7, 190, 15, 5, 25),
(139, 'ICE 머쉬멜로우 초코', 4, 139, 'BEVERAGE', 5100, 'https://alpha-dlink.s3.ap-northeast-2.amazonaws.com/beverage_image/%EC%B9%B4%ED%8E%98%ED%85%8C%EC%9D%B8/ICE+%E1%84%86%E1%85%A5%E1%84%89%E1%85%B1%E1%84%86%E1%85%A6%E1%86%AF%E1%84%85%E1%85%A9%E1%84%8B%E1%85%AE+%E1%84%8E%E1%85%A9%E1%84%8F%E1%85%A9.jpeg', 0, 7, 190, 15, 5, 25),
(140, 'HOT 블루 화이트 초코', 4, 140, 'BEVERAGE', 4500, 'https://alpha-dlink.s3.ap-northeast-2.amazonaws.com/beverage_image/%EC%B9%B4%ED%8E%98%ED%85%8C%EC%9D%B8/HOT+%E1%84%87%E1%85%B3%E1%86%AF%E1%84%85%E1%85%AE+%E1%84%92%E1%85%AA%E1%84%8B%E1%85%B5%E1%84%90%E1%85%B3+%E1%84%8E%E1%85%A9%E1%84%8F%E1%85%A9.jpg', 0, 6, 180, 15, 5, 22),
(141, 'ICE 블루 화이트 초코', 4, 141, 'BEVERAGE', 4900, 'https://alpha-dlink.s3.ap-northeast-2.amazonaws.com/beverage_image/%EC%B9%B4%ED%8E%98%ED%85%8C%EC%9D%B8/ICE+%E1%84%87%E1%85%B3%E1%86%AF%E1%84%85%E1%85%AE+%E1%84%92%E1%85%AA%E1%84%8B%E1%85%B5%E1%84%90%E1%85%B3+%E1%84%8E%E1%85%A9%E1%84%8F%E1%85%A9.jpg', 0, 6, 180, 15, 5, 22),
(142, 'HOT 수제 레몬티', 4, 142, 'TEA', 4500, 'https://alpha-dlink.s3.ap-northeast-2.amazonaws.com/beverage_image/%EC%B9%B4%ED%8E%98%ED%85%8C%EC%9D%B8/HOT+%E1%84%89%E1%85%AE%E1%84%8C%E1%85%A6+%E1%84%85%E1%85%A6%E1%84%86%E1%85%A9%E1%86%AB%E1%84%90%E1%85%B5.jpg', 0, 0, 40, 10, 1, 10),
(143, 'ICE 수제 레몬티', 4, 143, 'TEA', 5200, 'https://alpha-dlink.s3.ap-northeast-2.amazonaws.com/beverage_image/%EC%B9%B4%ED%8E%98%ED%85%8C%EC%9D%B8/ICE+%E1%84%89%E1%85%AE%E1%84%8C%E1%85%A6+%E1%84%85%E1%85%A6%E1%84%86%E1%85%A9%E1%86%AB%E1%84%90%E1%85%B5.jpg', 0, 0, 40, 10, 1, 10),
(144, 'HOT 수제 자몽티', 4, 144, 'TEA', 4500, 'https://alpha-dlink.s3.ap-northeast-2.amazonaws.com/beverage_image/%EC%B9%B4%ED%8E%98%ED%85%8C%EC%9D%B8/HOT+%E1%84%89%E1%85%AE%E1%84%8C%E1%85%A6+%E1%84%8C%E1%85%A1%E1%84%86%E1%85%A9%E1%86%BC%E1%84%90%E1%85%B5.jpg', 0, 0, 40, 10, 1, 10),
(145, 'ICE 수제 자몽티', 4, 145, 'TEA', 5200, 'https://alpha-dlink.s3.ap-northeast-2.amazonaws.com/beverage_image/%EC%B9%B4%ED%8E%98%ED%85%8C%EC%9D%B8/ICE+%E1%84%89%E1%85%AE%E1%84%8C%E1%85%A6+%E1%84%8C%E1%85%A1%E1%84%86%E1%85%A9%E1%86%BC%E1%84%90%E1%85%B5.jpg', 0, 0, 40, 10, 1, 10),
(146, 'HOT 허브티', 4, 146, 'TEA', 4000, 'https://alpha-dlink.s3.ap-northeast-2.amazonaws.com/beverage_image/%EC%B9%B4%ED%8E%98%ED%85%8C%EC%9D%B8/HOT+%E1%84%92%E1%85%A5%E1%84%87%E1%85%B3%E1%84%90%E1%85%B5.jpg', 0, 0, 5, 0, 0, 0),
(147, 'HOT 홍차', 4, 147, 'TEA', 4000, 'https://alpha-dlink.s3.ap-northeast-2.amazonaws.com/beverage_image/%EC%B9%B4%ED%8E%98%ED%85%8C%EC%9D%B8/HOT+%E1%84%92%E1%85%A9%E1%86%BC%E1%84%8E%E1%85%A1.jpg', 50, 0, 5, 0, 0, 0),
(148, 'ICE 밀크티 버블', 4, 148, 'BEVERAGE', 4500, 'https://alpha-dlink.s3.ap-northeast-2.amazonaws.com/beverage_image/%EC%B9%B4%ED%8E%98%ED%85%8C%EC%9D%B8/ICE+%E1%84%86%E1%85%B5%E1%86%AF%E1%84%8F%E1%85%B3%E1%84%90%E1%85%B5+%E1%84%87%E1%85%A5%E1%84%87%E1%85%B3%E1%86%AF.jpg', 30, 3, 150, 20, 3, 15),
(149, 'ICE 타로 버블', 4, 149, 'BEVERAGE', 4500, 'https://alpha-dlink.s3.ap-northeast-2.amazonaws.com/beverage_image/%EC%B9%B4%ED%8E%98%ED%85%8C%EC%9D%B8/ICE+%E1%84%90%E1%85%A1%E1%84%85%E1%85%A9+%E1%84%87%E1%85%A5%E1%84%87%E1%85%B3%E1%86%AF.png', 20, 3, 140, 20, 2, 15),
(150, 'ICE 블루베리 버블', 4, 150, 'BEVERAGE', 4500, 'https://alpha-dlink.s3.ap-northeast-2.amazonaws.com/beverage_image/%EC%B9%B4%ED%8E%98%ED%85%8C%EC%9D%B8/ICE+%E1%84%87%E1%85%B3%E1%86%AF%E1%84%85%E1%85%AE%E1%84%87%E1%85%A6%E1%84%85%E1%85%B5+%E1%84%87%E1%85%A5%E1%84%87%E1%85%B3%E1%86%AF.jpg', 10, 3, 130, 20, 2, 15),
(151, 'ICE 망고 버블', 4, 151, 'BEVERAGE', 4500, 'https://alpha-dlink.s3.ap-northeast-2.amazonaws.com/beverage_image/%EC%B9%B4%ED%8E%98%ED%85%8C%EC%9D%B8/ICE+%E1%84%86%E1%85%A1%E1%86%BC%E1%84%80%E1%85%A9+%E1%84%87%E1%85%A5%E1%84%87%E1%85%B3%E1%86%AF.jpg', 10, 3, 130, 20, 2, 15),
(152, 'ICE 플레인 요거트 스무디', 4, 152, 'BEVERAGE', 5500, 'https://alpha-dlink.s3.ap-northeast-2.amazonaws.com/beverage_image/%EC%B9%B4%ED%8E%98%ED%85%8C%EC%9D%B8/ICE+%E1%84%91%E1%85%B3%E1%86%AF%E1%84%85%E1%85%A6%E1%84%8B%E1%85%B5%E1%86%AB+%E1%84%8B%E1%85%AD%E1%84%80%E1%85%A5%E1%84%90%E1%85%B3+%E1%84%89%E1%85%B3%E1%84%86%E1%85%AE%E1%84%83%E1%85%B5.jpg', 0, 4, 200, 15, 4, 20),
(153, 'ICE 딸기 요거트 스무디', 4, 153, 'BEVERAGE', 5500, 'https://alpha-dlink.s3.ap-northeast-2.amazonaws.com/beverage_image/%EC%B9%B4%ED%8E%98%ED%85%8C%EC%9D%B8/ICE+%E1%84%84%E1%85%A1%E1%86%AF%E1%84%80%E1%85%B5+%E1%84%8B%E1%85%AD%E1%84%80%E1%85%A5%E1%84%90%E1%85%B3+%E1%84%89%E1%85%B3%E1%84%86%E1%85%AE%E1%84%83%E1%85%B5.jpg', 0, 4, 210, 15, 4, 22),
(154, 'ICE 블루베리 요거트 스무디', 4, 154, 'BEVERAGE', 5500, 'https://alpha-dlink.s3.ap-northeast-2.amazonaws.com/beverage_image/%EC%B9%B4%ED%8E%98%ED%85%8C%EC%9D%B8/ICE+%E1%84%87%E1%85%B3%E1%86%AF%E1%84%85%E1%85%AE%E1%84%87%E1%85%A6%E1%84%85%E1%85%B5+%E1%84%8B%E1%85%AD%E1%84%80%E1%85%A5%E1%84%90%E1%85%B3+%E1%84%89%E1%85%B3%E1%84%86%E1%85%AE%E1%84%83%E1%85%B5.jpg', 0, 4, 210, 15, 4, 22),
(155, 'ICE 망고 요거트 스무디', 4, 155, 'BEVERAGE', 5500, 'https://alpha-dlink.s3.ap-northeast-2.amazonaws.com/beverage_image/%EC%B9%B4%ED%8E%98%ED%85%8C%EC%9D%B8/ICE+%E1%84%86%E1%85%A1%E1%86%BC%E1%84%80%E1%85%A9+%E1%84%8B%E1%85%AD%E1%84%80%E1%85%A5%E1%84%90%E1%85%B3+%E1%84%89%E1%85%B3%E1%84%86%E1%85%AE%E1%84%83%E1%85%B5.jpg', 0, 4, 210, 15, 4, 22),
(156, 'ICE 오션 레몬 에이드', 4, 156, 'ADE', 5500, 'https://alpha-dlink.s3.ap-northeast-2.amazonaws.com/beverage_image/%EC%B9%B4%ED%8E%98%ED%85%8C%EC%9D%B8/ICE+%E1%84%8B%E1%85%A9%E1%84%89%E1%85%A7%E1%86%AB+%E1%84%85%E1%85%A6%E1%84%86%E1%85%A9%E1%86%AB+%E1%84%8B%E1%85%A6%E1%84%8B%E1%85%B5%E1%84%83%E1%85%B3.jpg', 0, 0, 60, 10, 1, 15),
(157, 'ICE 자몽 에이드', 4, 157, 'ADE', 5500, 'https://alpha-dlink.s3.ap-northeast-2.amazonaws.com/beverage_image/%EC%B9%B4%ED%8E%98%ED%85%8C%EC%9D%B8/ICE+%E1%84%8C%E1%85%A1%E1%84%86%E1%85%A9%E1%86%BC+%E1%84%8B%E1%85%A6%E1%84%8B%E1%85%B5%E1%84%83%E1%85%B3.jpg', 0, 0, 60, 10, 1, 15),
(158, 'ICE 블루베리 에이드', 4, 158, 'ADE', 5500, 'https://alpha-dlink.s3.ap-northeast-2.amazonaws.com/beverage_image/%EC%B9%B4%ED%8E%98%ED%85%8C%EC%9D%B8/ICE+%E1%84%87%E1%85%B3%E1%86%AF%E1%84%85%E1%85%AE%E1%84%87%E1%85%A6%E1%84%85%E1%85%B5+%E1%84%8B%E1%85%A6%E1%84%8B%E1%85%B5%E1%84%83%E1%85%B3.jpg', 0, 0, 60, 10, 1, 15);


---플레이스엔
INSERT INTO beverage (beverage_id, name, cafe_id, document_id, type, price, photo, caffein, fat, kcal, natrium, protein, sugar) VALUES
(159, 'HOT 아메리카노', 3, 159, 'COFFEE', 1800, 'https://alpha-dlink.s3.ap-northeast-2.amazonaws.com/beverage_image/%ED%94%8C%EB%A0%88%EC%9D%B4%EC%8A%A4%EC%97%94/HOT%E1%84%8B%E1%85%A1%E1%84%86%E1%85%A6%E1%84%85%E1%85%B5%E1%84%8F%E1%85%A1%E1%84%82%E1%85%A9.jpeg', 180, 0, 10, 5, 1, 0),
(160, 'ICE 아메리카노', 3, 160, 'COFFEE', 2000, 'https://alpha-dlink.s3.ap-northeast-2.amazonaws.com/beverage_image/%ED%94%8C%EB%A0%88%EC%9D%B4%EC%8A%A4%EC%97%94/ICE%E1%84%8B%E1%85%A1%E1%84%86%E1%85%A6%E1%84%85%E1%85%B5%E1%84%8F%E1%85%A1%E1%84%82%E1%85%A9.jpeg', 180, 0, 10, 5, 1, 0),
(161, 'HOT 카페라떼', 3, 161, 'COFFEE', 2300, 'https://alpha-dlink.s3.ap-northeast-2.amazonaws.com/beverage_image/%ED%94%8C%EB%A0%88%EC%9D%B4%EC%8A%A4%EC%97%94/HOT%E1%84%8F%E1%85%A1%E1%84%91%E1%85%A6%E1%84%85%E1%85%A1%E1%84%84%E1%85%A6.jpeg', 150, 4, 130, 10, 6, 12),
(162, 'ICE 카페라떼', 3, 162, 'COFFEE', 2300, 'https://alpha-dlink.s3.ap-northeast-2.amazonaws.com/beverage_image/%ED%94%8C%EB%A0%88%EC%9D%B4%EC%8A%A4%EC%97%94/ICE%E1%84%8F%E1%85%A1%E1%84%91%E1%85%A6%E1%84%85%E1%85%A1%E1%84%84%E1%85%A6.jpeg', 150, 4, 130, 10, 6, 12),
(163, 'HOT 바닐라라떼', 3, 163, 'COFFEE', 2800, 'https://alpha-dlink.s3.ap-northeast-2.amazonaws.com/beverage_image/%ED%94%8C%EB%A0%88%EC%9D%B4%EC%8A%A4%EC%97%94/HOT%E1%84%87%E1%85%A1%E1%84%82%E1%85%B5%E1%86%AF%E1%84%85%E1%85%A1%E1%84%85%E1%85%A1%E1%84%84%E1%85%A6.jpeg', 150, 4, 140, 15, 6, 15),
(164, 'ICE 바닐라라떼', 3, 164, 'COFFEE', 2800, 'https://alpha-dlink.s3.ap-northeast-2.amazonaws.com/beverage_image/%ED%94%8C%EB%A0%88%EC%9D%B4%EC%8A%A4%EC%97%94/ICE%E1%84%87%E1%85%A1%E1%84%82%E1%85%B5%E1%86%AF%E1%84%85%E1%85%A1%E1%84%85%E1%85%A1%E1%84%84%E1%85%A6.png', 150, 4, 140, 15, 6, 15),
(165, 'HOT 카라멜라떼', 3, 165, 'COFFEE', 2800, 'https://alpha-dlink.s3.ap-northeast-2.amazonaws.com/beverage_image/%ED%94%8C%EB%A0%88%EC%9D%B4%EC%8A%A4%EC%97%94/HOT%E1%84%8F%E1%85%A1%E1%84%85%E1%85%A1%E1%84%86%E1%85%A6%E1%86%AF%E1%84%85%E1%85%A1%E1%84%84%E1%85%A6.png', 150, 5, 150, 15, 7, 20),
(166, 'ICE 카라멜라떼', 3, 166, 'COFFEE', 2800, 'https://alpha-dlink.s3.ap-northeast-2.amazonaws.com/beverage_image/%ED%94%8C%EB%A0%88%EC%9D%B4%EC%8A%A4%EC%97%94/ICE%E1%84%8F%E1%85%A1%E1%84%85%E1%85%A1%E1%84%86%E1%85%A6%E1%86%AF%E1%84%85%E1%85%A1%E1%84%84%E1%85%A6.jpeg', 150, 5, 150, 15, 7, 20),
(167, 'HOT 카페모카', 3, 167, 'COFFEE', 2800, 'https://alpha-dlink.s3.ap-northeast-2.amazonaws.com/beverage_image/%ED%94%8C%EB%A0%88%EC%9D%B4%EC%8A%A4%EC%97%94/HOT%E1%84%8F%E1%85%A1%E1%84%91%E1%85%A6%E1%84%86%E1%85%A9%E1%84%8F%E1%85%A1.jpeg', 150, 6, 180, 20, 8, 25),
(168, 'ICE 카페모카', 3, 168, 'COFFEE', 2800, 'https://alpha-dlink.s3.ap-northeast-2.amazonaws.com/beverage_image/%ED%94%8C%EB%A0%88%EC%9D%B4%EC%8A%A4%EC%97%94/ICE%E1%84%8F%E1%85%A1%E1%84%91%E1%85%A6%E1%84%86%E1%85%A9%E1%84%8F%E1%85%A1.jpeg', 150, 6, 180, 20, 8, 25),
(169, 'HOT 초코라떼', 3, 169, 'BEVERAGE', 2800, 'https://alpha-dlink.s3.ap-northeast-2.amazonaws.com/beverage_image/%ED%94%8C%EB%A0%88%EC%9D%B4%EC%8A%A4%EC%97%94/%E1%84%92%E1%85%A1%E1%86%BA%E1%84%8E%E1%85%A9%E1%84%8F%E1%85%A9.jpeg', 0, 6, 180, 15, 5, 22),
(170, 'ICE 초코라떼', 3, 170, 'BEVERAGE', 2800, 'https://alpha-dlink.s3.ap-northeast-2.amazonaws.com/beverage_image/%ED%94%8C%EB%A0%88%EC%9D%B4%EC%8A%A4%EC%97%94/%E1%84%8B%E1%85%A1%E1%84%8B%E1%85%B5%E1%84%89%E1%85%B3%E1%84%8E%E1%85%A9%E1%84%8F%E1%85%A9.jpeg', 0, 6, 180, 15, 5, 22),
(171, 'HOT 녹차라떼', 3, 171, 'BEVERAGE', 2800, 'https://alpha-dlink.s3.ap-northeast-2.amazonaws.com/beverage_image/%ED%94%8C%EB%A0%88%EC%9D%B4%EC%8A%A4%EC%97%94/HOT%E1%84%82%E1%85%A9%E1%86%A8%E1%84%8E%E1%85%A1%E1%84%85%E1%85%A1%E1%84%84%E1%85%A6.jpeg', 60, 5, 200, 15, 8, 20),
(172, 'ICE 녹차라떼', 3, 172, 'BEVERAGE', 2800, 'https://alpha-dlink.s3.ap-northeast-2.amazonaws.com/beverage_image/%ED%94%8C%EB%A0%88%EC%9D%B4%EC%8A%A4%EC%97%94/ICE%E1%84%82%E1%85%A9%E1%86%A8%E1%84%8E%E1%85%A1%E1%84%85%E1%85%A1%E1%84%84%E1%85%A6.jpeg', 60, 5, 220, 20, 8, 22),
(173, 'HOT 홍차라떼', 3, 173, 'BEVERAGE', 2800, 'https://alpha-dlink.s3.ap-northeast-2.amazonaws.com/beverage_image/%ED%94%8C%EB%A0%88%EC%9D%B4%EC%8A%A4%EC%97%94/HOT%E1%84%92%E1%85%A9%E1%86%BC%E1%84%8E%E1%85%A1%E1%84%85%E1%85%A1%E1%84%84%E1%85%A6.jpeg', 50, 5, 180, 15, 7, 18),
(174, 'ICE 홍차라떼', 3, 174, 'BEVERAGE', 2800, 'https://alpha-dlink.s3.ap-northeast-2.amazonaws.com/beverage_image/%ED%94%8C%EB%A0%88%EC%9D%B4%EC%8A%A4%EC%97%94/ICE%E1%84%92%E1%85%A9%E1%86%BC%E1%84%8E%E1%85%A1%E1%84%85%E1%85%A1%E1%84%84%E1%85%A6.jpeg', 50, 5, 180, 15, 7, 18),
(175, 'ICE 레몬에이드', 3, 175, 'ADE', 3000, 'https://alpha-dlink.s3.ap-northeast-2.amazonaws.com/beverage_image/%ED%94%8C%EB%A0%88%EC%9D%B4%EC%8A%A4%EC%97%94/%E1%84%85%E1%85%A6%E1%84%86%E1%85%A9%E1%86%AB%E1%84%8B%E1%85%A6%E1%84%8B%E1%85%B5%E1%84%83%E1%85%B3.jpeg', 0, 0, 60, 10, 1, 15),
(176, 'ICE 자몽에이드', 3, 176, 'ADE', 3000, 'https://alpha-dlink.s3.ap-northeast-2.amazonaws.com/beverage_image/%ED%94%8C%EB%A0%88%EC%9D%B4%EC%8A%A4%EC%97%94/%E1%84%8C%E1%85%A1%E1%84%86%E1%85%A9%E1%86%BC%E1%84%8B%E1%85%A6%E1%84%8B%E1%85%B5%E1%84%83%E1%85%B3.jpeg', 0, 0, 60, 10, 1, 15),
(177, 'ICE 모히또에이드', 3, 177, 'ADE', 3000, 'https://alpha-dlink.s3.ap-northeast-2.amazonaws.com/beverage_image/%ED%94%8C%EB%A0%88%EC%9D%B4%EC%8A%A4%EC%97%94/%E1%84%86%E1%85%A9%E1%84%92%E1%85%B5%E1%84%84%E1%85%A9%E1%84%8B%E1%85%A6%E1%84%8B%E1%85%B5%E1%84%83%E1%85%B3.jpeg', 0, 0, 60, 10, 1, 15),
(178, 'ICE 딸기쥬스', 3, 178, 'BEVERAGE', 3300, 'https://alpha-dlink.s3.ap-northeast-2.amazonaws.com/beverage_image/%ED%94%8C%EB%A0%88%EC%9D%B4%EC%8A%A4%EC%97%94/%E1%84%84%E1%85%A1%E1%86%AF%E1%84%80%E1%85%B5%E1%84%8C%E1%85%AE%E1%84%89%E1%85%B3.jpeg', 0, 0, 100, 10, 1, 20),
(179, 'ICE 얼그레이', 3, 179, 'TEA', 2100, 'https://alpha-dlink.s3.ap-northeast-2.amazonaws.com/beverage_image/%ED%94%8C%EB%A0%88%EC%9D%B4%EC%8A%A4%EC%97%94/ICE%E1%84%8B%E1%85%A5%E1%86%AF%E1%84%80%E1%85%B3%E1%84%85%E1%85%A6%E1%84%8B%E1%85%B5%E1%84%90%E1%85%B5.jpeg', 50, 0, 5, 0, 0, 0),
(180, 'HOT 얼그레이', 3, 180, 'TEA', 2100, 'https://alpha-dlink.s3.ap-northeast-2.amazonaws.com/beverage_image/%ED%94%8C%EB%A0%88%EC%9D%B4%EC%8A%A4%EC%97%94/HOT%E1%84%8B%E1%85%A5%E1%86%AF%E1%84%80%E1%85%B3%E1%84%85%E1%85%A6%E1%84%8B%E1%85%B5%E1%84%90%E1%85%B5.jpeg', 50, 0, 5, 0, 0, 0),
(181, 'HOT 카모마일', 3, 181, 'TEA', 2100, 'https://alpha-dlink.s3.ap-northeast-2.amazonaws.com/beverage_image/%ED%94%8C%EB%A0%88%EC%9D%B4%EC%8A%A4%EC%97%94/HOT%E1%84%8F%E1%85%A2%E1%84%86%E1%85%A9%E1%84%86%E1%85%A1%E1%84%8B%E1%85%B5%E1%86%AF%E1%84%90%E1%85%B5.jpeg', 0, 0, 5, 0, 0, 0),
(182, 'ICE 카모마일', 3, 182, 'TEA', 2100, 'https://alpha-dlink.s3.ap-northeast-2.amazonaws.com/beverage_image/%ED%94%8C%EB%A0%88%EC%9D%B4%EC%8A%A4%EC%97%94/ICE%E1%84%8F%E1%85%A2%E1%84%86%E1%85%A9%E1%84%86%E1%85%A1%E1%84%8B%E1%85%B5%E1%86%AF%E1%84%90%E1%85%B5.jpeg', 0, 0, 5, 0, 0, 0),
(183, 'ICE 페퍼민트', 3, 183, 'TEA', 2100, 'https://alpha-dlink.s3.ap-northeast-2.amazonaws.com/beverage_image/%ED%94%8C%EB%A0%88%EC%9D%B4%EC%8A%A4%EC%97%94/ICE%E1%84%91%E1%85%A6%E1%84%91%E1%85%A5%E1%84%86%E1%85%B5%E1%86%AB%E1%84%90%E1%85%B3%E1%84%8E%E1%85%A1.jpeg', 0, 0, 5, 0, 0, 0),
(184, 'HOT 페퍼민트', 3, 184, 'TEA', 2100, 'https://alpha-dlink.s3.ap-northeast-2.amazonaws.com/beverage_image/%ED%94%8C%EB%A0%88%EC%9D%B4%EC%8A%A4%EC%97%94/HOT%E1%84%91%E1%85%A6%E1%84%91%E1%85%A5%E1%84%86%E1%85%B5%E1%86%AB%E1%84%90%E1%85%B3%E1%84%8E%E1%85%A1.jpeg', 0, 0, 5, 0, 0, 0),
(185, 'HOT 레몬차', 3, 185, 'TEA', 2400, 'https://alpha-dlink.s3.ap-northeast-2.amazonaws.com/beverage_image/%ED%94%8C%EB%A0%88%EC%9D%B4%EC%8A%A4%EC%97%94/HOT%E1%84%85%E1%85%A6%E1%84%86%E1%85%A9%E1%86%AB%E1%84%8E%E1%85%A1.jpeg', 0, 0, 40, 10, 1, 10),
(186, 'ICE 레몬차', 3, 186, 'TEA', 2400, 'https://alpha-dlink.s3.ap-northeast-2.amazonaws.com/beverage_image/%ED%94%8C%EB%A0%88%EC%9D%B4%EC%8A%A4%EC%97%94/ICE%E1%84%85%E1%85%A6%E1%84%86%E1%85%A9%E1%86%AB%E1%84%8E%E1%85%A1.jpeg', 0, 0, 40, 10, 1, 10),
(187, 'HOT 유자차', 3, 187, 'TEA', 2400, 'https://alpha-dlink.s3.ap-northeast-2.amazonaws.com/beverage_image/%ED%94%8C%EB%A0%88%EC%9D%B4%EC%8A%A4%EC%97%94/HOT%E1%84%8B%E1%85%B2%E1%84%8C%E1%85%A1%E1%84%8E%E1%85%A1.jpeg', 0, 0, 40, 10, 1, 10),
(188, 'ICE 유자차', 3, 188, 'TEA', 2400, 'https://alpha-dlink.s3.ap-northeast-2.amazonaws.com/beverage_image/%ED%94%8C%EB%A0%88%EC%9D%B4%EC%8A%A4%EC%97%94/ICE%E1%84%8B%E1%85%B2%E1%84%8C%E1%85%A1%E1%84%8E%E1%85%A1.jpeg', 0, 0, 40, 10, 1, 10),
(189, 'HOT 자몽차', 3, 189, 'TEA', 2400, 'https://alpha-dlink.s3.ap-northeast-2.amazonaws.com/beverage_image/%ED%94%8C%EB%A0%88%EC%9D%B4%EC%8A%A4%EC%97%94/HOT%E1%84%8C%E1%85%A1%E1%84%86%E1%85%A9%E1%86%BC%E1%84%8E%E1%85%A1.jpeg', 0, 0, 40, 10, 1, 10),
(190, 'ICE 자몽차', 3, 190, 'TEA', 2400, 'https://alpha-dlink.s3.ap-northeast-2.amazonaws.com/beverage_image/%ED%94%8C%EB%A0%88%EC%9D%B4%EC%8A%A4%EC%97%94/ICE%E1%84%8C%E1%85%A1%E1%84%86%E1%85%A9%E1%86%BC%E1%84%8E%E1%85%A1.jpeg', 0, 0, 40, 10, 1, 10),
(191, '복숭아 아이스티', 3, 191, 'TEA', 2000, 'https://alpha-dlink.s3.ap-northeast-2.amazonaws.com/beverage_image/%ED%94%8C%EB%A0%88%EC%9D%B4%EC%8A%A4%EC%97%94/%E1%84%87%E1%85%A9%E1%86%A8%E1%84%89%E1%85%AE%E1%86%BC%E1%84%8B%E1%85%A1%E1%84%8B%E1%85%A1%E1%84%8B%E1%85%B5%E1%84%89%E1%85%B3%E1%84%90%E1%85%B5.png', 0, 0, 80, 10, 0, 18);